node_id	gene_symbol
1	A2M
2	A2ML1
3	AADAT
4	AAR2
5	AATF
6	ABCA10
7	ABCA3
8	ABCB1
9	ABCB11
10	ABCB4
11	ABCB5
12	ABCB6
13	ABCB8
14	ABCB9
15	ABCC1
16	ABCC10
17	ABCC12
18	ABCC2
19	ABCC3
20	ABCC8
21	ABCD2
22	ABCD4
23	ABCF1
24	ABCF3
25	ABCG2
26	ABHD11
27	ABHD13
28	ABHD17B
29	ABHD18
30	ABHD5
31	ABI1
32	ABI3
33	ABL1
34	ABL2
35	ABLIM3
36	ABO
37	ABR
38	ABRACL
39	ABRAXAS2
40	ABT1
41	ACAD8
42	ACAD9
43	ACADL
44	ACADVL
45	ACAP1
46	ACAT1
47	ACBD5
48	ACD
49	ACE
50	ACE2
51	ACIN1
52	ACKR4
53	ACO2
54	ACOT11
55	ACP1
56	ACP6
57	ACSL1
58	ACSL4
59	ACSM1
60	ACSM4
61	ACTB
62	ACTN1
63	ACTN4
64	ACTR10
65	ACTR1A
66	ACTR1B
67	ACTR2
68	ACTR3C
69	ACTRT2
70	ACVR1
71	ACVR2B
72	ACVRL1
73	ACYP1
74	ADA2
75	ADAM10
76	ADAM21
77	ADAM22
78	ADAM8
79	ADAM9
80	ADAMDEC1
81	ADAMTS1
82	ADAMTS17
83	ADAMTS18
84	ADAMTS2
85	ADAMTS8
86	ADAMTSL5
87	ADAP1
88	ADAR
89	ADAT1
90	ADAT2
91	ADAT3
92	ADCY8
93	ADD1
94	ADGRA2
95	ADGRB1
96	ADGRD2
97	ADGRE1
98	ADGRF2
99	ADGRG1
100	ADGRG6
101	ADGRL1
102	ADGRL2
103	ADH1A
104	ADIPOQ
105	ADIPOR1
106	ADK
107	ADM
108	ADNP
109	ADORA1
110	ADORA2A
111	ADORA2B
112	ADPRHL2
113	ADPRM
114	ADRA1A
115	ADRA1D
116	ADRB1
117	ADSL
118	ADSS
119	AEBP2
120	AFAP1
121	AFF4
122	AGBL5
123	AGER
124	AGFG2
125	AGGF1
126	AGMO
127	AGO2
128	AGPAT2
129	AGPAT5
130	AGR2
131	AGRN
132	AGTR1
133	AGTR2
134	AHCTF1
135	AHCY
136	AHNAK
137	AHNAK2
138	AHR
139	AHSA1
140	AIF1
141	AIFM1
142	AIFM2
143	AIFM3
144	AIG1
145	AIM2
146	AIMP1
147	AIMP2
148	AIP
149	AK1
150	AK3
151	AK9
152	AKAP11
153	AKAP4
154	AKAP8
155	AKAP8L
156	AKAP9
157	AKR1A1
158	AKR1C2
159	AKR1C3
160	AKR7A2
161	AKT1
162	AKT1S1
163	AKT2
164	AKT3
165	AKTIP
166	ALAD
167	ALB
168	ALDH18A1
169	ALDH1A3
170	ALDH3A1
171	ALDH5A1
172	ALDOB
173	ALDOC
174	ALG10B
175	ALG2
176	ALG3
177	ALK
178	ALKBH2
179	ALKBH3
180	ALKBH4
181	ALKBH5
182	ALKBH6
183	ALKBH7
184	ALLC
185	ALMS1
186	ALOX5AP
187	ALPI
188	ALPK1
189	ALPK3
190	ALS2CL
191	AMDHD2
192	AMELY
193	AMFR
194	AMIGO2
195	AMOTL2
196	AMPD2
197	AMPH
198	AMZ2
199	ANAPC1
200	ANAPC10
201	ANAPC11
202	ANAPC2
203	ANAPC4
204	ANAPC5
205	ANAPC7
206	ANGEL2
207	ANK1
208	ANK3
209	ANKFN1
210	ANKFY1
211	ANKH
212	ANKRD1
213	ANKRD13C
214	ANKRD16
215	ANKRD20A1
216	ANKRD22
217	ANKRD26
218	ANKRD46
219	ANKZF1
220	ANLN
221	ANO1
222	ANOS1
223	ANP32A
224	ANP32B
225	ANP32E
226	ANTXR1
227	ANXA1
228	ANXA2
229	ANXA2P1
230	ANXA2P2
231	ANXA4
232	ANXA5
233	ANXA7
234	ANXA9
235	AOAH
236	AOX1
237	AP1G2
238	AP1M1
239	AP2A1
240	AP2B1
241	AP2M1
242	AP2S1
243	AP3B1
244	AP3D1
245	AP3M2
246	AP3S1
247	AP4E1
248	AP5Z1
249	APAF1
250	APBB1IP
251	APC
252	APC2
253	APEX1
254	APEX2
255	API5
256	APLP1
257	APOA2
258	APOB
259	APOBR
260	APOC1
261	APOC3
262	APOH
263	APOL1
264	APOL3
265	APPL2
266	APTX
267	AQP1
268	AQP2
269	AQR
270	AR
271	ARAF
272	ARF1
273	ARF4
274	ARF6
275	ARFGAP1
276	ARFGAP2
277	ARFGEF1
278	ARFGEF2
279	ARGLU1
280	ARHGAP1
281	ARHGAP11A
282	ARHGAP18
283	ARHGAP19
284	ARHGAP24
285	ARHGAP27
286	ARHGAP29
287	ARHGAP33
288	ARHGAP36
289	ARHGAP6
290	ARHGEF1
291	ARHGEF16
292	ARHGEF2
293	ARHGEF25
294	ARHGEF35
295	ARHGEF5
296	ARHGEF6
297	ARID1A
298	ARID1B
299	ARID2
300	ARID4B
301	ARID5A
302	ARIH1
303	ARIH2
304	ARL1
305	ARL13A
306	ARL14
307	ARL3
308	ARL4A
309	ARL6
310	ARL6IP4
311	ARL8A
312	ARL8B
313	ARMC1
314	ARMC10
315	ARMC6
316	ARMC8
317	ARMCX4
318	ARNT
319	ARPC1A
320	ARPC2
321	ARPC3
322	ARPC4
323	ARPC5
324	ARPC5L
325	ARRB2
326	ARRDC1
327	ARSB
328	ARSJ
329	ART5
330	AS3MT
331	ASAP1
332	ASAP2
333	ASB10
334	ASB16
335	ASB17
336	ASB7
337	ASCC1
338	ASCC3
339	ASF1A
340	ASF1B
341	ASH1L
342	ASH2L
343	ASMTL-AS1
344	ASNA1
345	ASNS
346	ASPH
347	ASPHD2
348	ASPM
349	ASPSCR1
350	ATAD2
351	ATAD2B
352	ATAD3A
353	ATAD5
354	ATE1
355	ATF5
356	ATF6B
357	ATG10
358	ATG12
359	ATG16L2
360	ATG2A
361	ATG3
362	ATG4A
363	ATG4C
364	ATG5
365	ATG7
366	ATG9A
367	ATG9B
368	ATL2
369	ATM
370	ATMIN
371	ATOH1
372	ATOX1
373	ATP10A
374	ATP11B
375	ATP13A1
376	ATP13A4
377	ATP1A2
378	ATP1B1
379	ATP1B1P1
380	ATP1B3
381	ATP23
382	ATP2A2
383	ATP2B3
384	ATP2C2
385	ATP5A1
386	ATP5B
387	ATP5C1
388	ATP5D
389	ATP5EP1
390	ATP5F1
391	ATP5H
392	ATP5L
393	ATP5O
394	ATP5SL
395	ATP6AP2
396	ATP6V0A2
397	ATP6V0C
398	ATP6V0D1
399	ATP6V0D2
400	ATP6V0E1
401	ATP6V1A
402	ATP6V1B2
403	ATP6V1C1
404	ATP6V1H
405	ATP7A
406	ATP8B1
407	ATP8B2
408	ATP9A
409	ATR
410	ATRAID
411	ATRIP
412	ATRN
413	ATRX
414	ATXN1L
415	ATXN2L
416	ATXN3
417	ATXN7
418	AUNIP
419	AURKA
420	AURKAIP1
421	AURKB
422	AVEN
423	AVL9
424	AVPI1
425	AVPR2
426	AXIN1
427	AXL
428	AZGP1
429	AZI2
430	AZIN1
431	B3GNT2
432	B4GALNT3
433	B4GALT1
434	B4GALT3
435	B4GALT4
436	B4GALT5
437	B4GAT1
438	BABAM1
439	BABAM2
440	BACH1
441	BACH2
442	BAD
443	BAG1
444	BAG2
445	BAG3
446	BAG4
447	BAG5
448	BAIAP2L1
449	BAIAP2L2
450	BAK1
451	BAP1
452	BARD1
453	BASP1
454	BAX
455	BAZ1A
456	BAZ1B
457	BBC3
458	BBS9
459	BCAP29
460	BCAP31
461	BCAR1
462	BCAR3
463	BCAS2
464	BCCIP
465	BCKDHA
466	BCKDK
467	BCL10
468	BCL2
469	BCL2A1
470	BCL2L1
471	BCL2L10
472	BCL2L11
473	BCL2L12
474	BCL2L13
475	BCL2L14
476	BCL2L2
477	BCL6
478	BCL9L
479	BCLAF1
480	BCORL1
481	BCR
482	BCS1L
483	BDKRB1
484	BDKRB2
485	BDNF
486	BDP1
487	BECN1
488	BEGAIN
489	BEND3
490	BET1
491	BET1L
492	BEX3
493	BFAR
494	BFSP1
495	BID
496	BIK
497	BIN2
498	BIN3
499	BIRC2
500	BIRC3
501	BIRC5
502	BIRC6
503	BIRC7
504	BIRC8
505	BIVM
506	BLK
507	BLM
508	BLMH
509	BLVRA
510	BLVRB
511	BLZF1
512	BMF
513	BMP1
514	BMP8A
515	BMPR1A
516	BMS1P1
517	BNC2
518	BNIP1
519	BNIP2
520	BNIP3
521	BNIP3L
522	BOD1L1
523	BOK
524	BORCS6
525	BORCS7
526	BPIFA2
527	BPTF
528	BRAF
529	BRAP
530	BRCA1
531	BRCA2
532	BRD2
533	BRD3
534	BRD4
535	BRD7
536	BRD9
537	BRF1
538	BRF2
539	BRI3
540	BRICD5
541	BRIP1
542	BRIX1
543	BRMS1
544	BROX
545	BRPF1
546	BRWD1
547	BSG
548	BSPRY
549	BST2
550	BTBD1
551	BTBD11
552	BTBD2
553	BTBD7
554	BTBD9
555	BTC
556	BTF3
557	BTG1
558	BTG2
559	BTK
560	BTN2A1
561	BTN2A2
562	BTN3A1
563	BTN3A2
564	BTRC
565	BUB1
566	BUB1B
567	BUB3
568	BUD13
569	BYSL
570	C10ORF111
571	C10ORF35
572	C11ORF57
573	C11ORF58
574	C11ORF65
575	C11ORF68
576	C11ORF72
577	C12ORF29
578	C12ORF4
579	C12ORF43
580	C12ORF56
581	C12ORF65
582	C12ORF73
583	C14ORF1
584	C14ORF119
585	C14ORF159
586	C14ORF166
587	C14ORF2
588	C14ORF93
589	C15ORF52
590	C17ORF62
591	C17ORF64
592	C17ORF77
593	C17ORF80
594	C18ORF21
595	C18ORF54
596	C19ORF24
597	C19ORF33
598	C19ORF43
599	C19ORF48
600	C19ORF53
601	C19ORF54
602	C19ORF60
603	C19ORF66
604	C1D
605	C1ORF109
606	C1ORF112
607	C1ORF116
608	C1ORF123
609	C1ORF159
610	C1ORF21
611	C1ORF210
612	C1ORF229
613	C1ORF27
614	C1ORF43
615	C1ORF54
616	C1ORF56
617	C1QBP
618	C1QTNF1
619	C1R
620	C1S
621	C20ORF202
622	C20ORF24
623	C21ORF2
624	C21ORF59
625	C2CD2
626	C2CD2L
627	C2CD4B
628	C2ORF15
629	C2ORF16
630	C3ORF33
631	C3ORF35
632	C3ORF58
633	C4ORF46
634	C5ORF22
635	C5ORF30
636	C6
637	C6ORF132
638	C6ORF163
639	C6ORF48
640	C7
641	C7ORF26
642	C7ORF50
643	C8A
644	C8ORF33
645	C8ORF46
646	C8ORF76
647	C9ORF43
648	C9ORF57
649	C9ORF78
650	C9ORF84
651	CA1
652	CA12
653	CA2
654	CA4
655	CA5A
656	CA6
657	CAB39
658	CABIN1
659	CABP1
660	CACNA1G
661	CACNA1S
662	CACNA2D2
663	CACNB3
664	CACNB4
665	CACNG6
666	CACNG7
667	CACNG8
668	CACTIN
669	CAD
670	CADM4
671	CALD1
672	CALM1
673	CALML4
674	CALR
675	CALR3
676	CALU
677	CALY
678	CAMK1
679	CAMK1D
680	CAMK2B
681	CAMK2D
682	CAMK2G
683	CAMK2N1
684	CAMKK2
685	CAMKV
686	CAND1
687	CANX
688	CAP2
689	CAPN1
690	CAPN15
691	CAPN2
692	CAPN3
693	CAPN6
694	CAPN7
695	CAPRIN1
696	CAPZB
697	CARD10
698	CARD11
699	CARD14
700	CARD16
701	CARD18
702	CARD6
703	CARD8
704	CARD9
705	CARF
706	CARHSP1
707	CARM1
708	CARMIL1
709	CARS
710	CARS2
711	CASC1
712	CASC3
713	CASP1
714	CASP14
715	CASP2
716	CASP3
717	CASP4
718	CASP5
719	CASP6
720	CASP7
721	CASP8
722	CASP8AP2
723	CASP9
724	CASQ1
725	CASS4
726	CAST
727	CATSPER1
728	CATSPERG
729	CAV1
730	CAV2
731	CAVIN1
732	CAVIN3
733	CBFB
734	CBL
735	CBLC
736	CBLL1
737	CBLN1
738	CBLN4
739	CBR1
740	CBR3
741	CBS
742	CBX4
743	CBX5
744	CC2D1A
745	CCAR1
746	CCAR2
747	CCBE1
748	CCDC112
749	CCDC115
750	CCDC117
751	CCDC12
752	CCDC120
753	CCDC124
754	CCDC130
755	CCDC138
756	CCDC14
757	CCDC144NL
758	CCDC170
759	CCDC171
760	CCDC174
761	CCDC188
762	CCDC190
763	CCDC22
764	CCDC28A
765	CCDC51
766	CCDC58
767	CCDC59
768	CCDC66
769	CCDC77
770	CCDC82
771	CCDC85B
772	CCDC88A
773	CCDC88C
774	CCDC94
775	CCHCR1
776	CCIN
777	CCL1
778	CCL19
779	CCL23
780	CCL24
781	CCL3L1
782	CCNA1
783	CCNA2
784	CCNB1
785	CCNB1IP1
786	CCNB2
787	CCNC
788	CCND1
789	CCND2
790	CCNE1
791	CCNE2
792	CCNF
793	CCNG2
794	CCNH
795	CCNJ
796	CCNL1
797	CCNL2
798	CCNT1
799	CCNT2
800	CCR7
801	CCS
802	CCT2
803	CCT3
804	CCT4
805	CCT5
806	CCT6A
807	CCT8
808	CD109
809	CD14
810	CD151
811	CD163
812	CD164
813	CD177
814	CD1C
815	CD2
816	CD226
817	CD27
818	CD276
819	CD28
820	CD2AP
821	CD2BP2
822	CD302
823	CD34
824	CD38
825	CD3E
826	CD3EAP
827	CD3G
828	CD40
829	CD40LG
830	CD46
831	CD47
832	CD48
833	CD52
834	CD58
835	CD59
836	CD6
837	CD63
838	CD7
839	CD70
840	CD72
841	CD79A
842	CD79B
843	CD80
844	CD81
845	CD82
846	CD84
847	CD9
848	CD93
849	CD96
850	CDA
851	CDADC1
852	CDC14B
853	CDC16
854	CDC20
855	CDC20B
856	CDC25A
857	CDC25B
858	CDC25C
859	CDC27
860	CDC34
861	CDC37
862	CDC37L1
863	CDC42BPA
864	CDC42BPB
865	CDC42EP1
866	CDC42EP2
867	CDC45
868	CDC5L
869	CDC6
870	CDC7
871	CDC73
872	CDCA2
873	CDCA3
874	CDCA7
875	CDCA8
876	CDCP2
877	CDH1
878	CDH11
879	CDH2
880	CDH20
881	CDH3
882	CDH5
883	CDK1
884	CDK10
885	CDK11A
886	CDK11B
887	CDK12
888	CDK13
889	CDK17
890	CDK2
891	CDK2AP2
892	CDK3
893	CDK4
894	CDK5
895	CDK5RAP1
896	CDK6
897	CDK7
898	CDK8
899	CDK9
900	CDKAL1
901	CDKL1
902	CDKL3
903	CDKL5
904	CDKN1A
905	CDKN1B
906	CDKN2A
907	CDKN2AIP
908	CDKN2D
909	CDKN3
910	CDR2
911	CDR2L
912	CDS1
913	CDSN
914	CDT1
915	CDX1
916	CEACAM1
917	CEACAM3
918	CEACAM6
919	CEBPB
920	CEBPD
921	CEBPZ
922	CELA2B
923	CELF1
924	CELF2
925	CELF3
926	CELF5
927	CENPA
928	CENPB
929	CENPC
930	CENPE
931	CENPF
932	CENPH
933	CENPI
934	CENPJ
935	CENPL
936	CENPM
937	CENPN
938	CENPO
939	CENPT
940	CENPU
941	CENPX
942	CEP131
943	CEP152
944	CEP170B
945	CEP192
946	CEP250
947	CEP295
948	CEP350
949	CEP55
950	CEP57
951	CEP70
952	CEP76
953	CEP78
954	CERNA2
955	CES2
956	CETN2
957	CETN3
958	CFAP20
959	CFAP74
960	CFAP99
961	CFB
962	CFL1
963	CFL2
964	CFLAR
965	CFTR
966	CGGBP1
967	CGN
968	CGREF1
969	CGRRF1
970	CH25H
971	CHAC1
972	CHAC2
973	CHAF1A
974	CHAF1B
975	CHAT
976	CHCHD1
977	CHCHD2
978	CHCHD3
979	CHCHD6
980	CHD1
981	CHD1L
982	CHD4
983	CHD7
984	CHDH
985	CHEK1
986	CHEK2
987	CHERP
988	CHMP1A
989	CHMP1B
990	CHMP2B
991	CHMP4A
992	CHMP4C
993	CHMP5
994	CHMP7
995	CHN1
996	CHPT1
997	CHRNA1
998	CHRNA4
999	CHRNA5
1000	CHRNB4
1001	CHST14
1002	CHST8
1003	CHSY3
1004	CHUK
1005	CIAPIN1
1006	CIC
1007	CIDEA
1008	CIDEB
1009	CIR1
1010	CIT
1011	CITED2
1012	CKAP2
1013	CKAP4
1014	CKAP5
1015	CKMT1B
1016	CKS1B
1017	CKS2
1018	CLASP1
1019	CLASP2
1020	CLC
1021	CLCA2
1022	CLCF1
1023	CLCN1
1024	CLCN7
1025	CLDN1
1026	CLDN10
1027	CLDN23
1028	CLDN3
1029	CLDN4
1030	CLDND1
1031	CLEC1A
1032	CLEC2D
1033	CLEC4E
1034	CLEC4GP1
1035	CLIC1
1036	CLIC3
1037	CLIC4
1038	CLINT1
1039	CLIP1
1040	CLIP3
1041	CLIP4
1042	CLK2
1043	CLK4
1044	CLMN
1045	CLPP
1046	CLPTM1
1047	CLPTM1L
1048	CLPX
1049	CLSPN
1050	CLSTN3
1051	CLTA
1052	CLTB
1053	CLTC
1054	CLU
1055	CLUH
1056	CMAS
1057	CMC2
1058	CMPK1
1059	CMTM4
1060	CMTR1
1061	CNBP
1062	CNGA2
1063	CNGA3
1064	CNIH1
1065	CNIH4
1066	CNKSR1
1067	CNN3
1068	CNNM3
1069	CNNM4
1070	CNOT1
1071	CNOT10
1072	CNOT11
1073	CNOT3
1074	CNOT4
1075	CNOT6
1076	CNOT6L
1077	CNOT7
1078	CNOT8
1079	CNOT9
1080	CNPY3
1081	CNR1
1082	CNR2
1083	CNTD1
1084	CNTN4
1085	CNTN5
1086	CNTNAP1
1087	CNTRL
1088	COBLL1
1089	COCH
1090	COG2
1091	COIL
1092	COL11A1
1093	COL12A1
1094	COL1A1
1095	COL24A1
1096	COL3A1
1097	COL4A2
1098	COL4A3
1099	COL4A4
1100	COL5A3
1101	COL6A2
1102	COMMD10
1103	COMMD2
1104	COMMD3
1105	COMMD5
1106	COMMD8
1107	COPA
1108	COPB2
1109	COPS2
1110	COPS3
1111	COPS4
1112	COPS5
1113	COPS7B
1114	COPS8
1115	COPS9
1116	COPZ1
1117	COQ3
1118	CORIN
1119	CORO1A
1120	CORO1B
1121	CORO2A
1122	CORO7
1123	COX4I1
1124	COX4I2
1125	COX5A
1126	COX6A2
1127	COX6C
1128	COX7B
1129	CPA4
1130	CPEB3
1131	CPN2
1132	CPNE1
1133	CPNE3
1134	CPNE4
1135	CPNE5
1136	CPQ
1137	CPSF1
1138	CPSF2
1139	CPSF3
1140	CPSF4
1141	CPSF6
1142	CPSF7
1143	CR1
1144	CRABP1
1145	CRABP2
1146	CRADD
1147	CRAMP1
1148	CRAT
1149	CRB3
1150	CRBN
1151	CRCP
1152	CREB1
1153	CREB3
1154	CREB3L2
1155	CREBBP
1156	CREBZF
1157	CREG1
1158	CRELD2
1159	CRIM1
1160	CRISP1
1161	CRLS1
1162	CRNKL1
1163	CRNN
1164	CROCC
1165	CRP
1166	CRTAP
1167	CRTC1
1168	CRY1
1169	CRY2
1170	CRYBB2
1171	CRYBG2
1172	CRYL1
1173	CRYM
1174	CRYZP1
1175	CS
1176	CSE1L
1177	CSF1R
1178	CSF2RB
1179	CSGALNACT2
1180	CSH1
1181	CSH2
1182	CSHL1
1183	CSK
1184	CSN1S1
1185	CSN1S2AP
1186	CSNK1D
1187	CSNK1E
1188	CSNK1G1
1189	CSNK1G2
1190	CSNK1G3
1191	CSNK2A1
1192	CSNK2A2
1193	CSPP1
1194	CSRNP1
1195	CSRNP3
1196	CST3
1197	CST4
1198	CST6
1199	CSTB
1200	CSTF1
1201	CSTF2
1202	CTAGE6
1203	CTBP2
1204	CTC1
1205	CTCF
1206	CTDNEP1
1207	CTDSPL
1208	CTDSPL2
1209	CTGF
1210	CTNNA1
1211	CTNNAL1
1212	CTNNB1
1213	CTNNBIP1
1214	CTNNBL1
1215	CTNND1
1216	CTNS
1217	CTPS1
1218	CTPS2
1219	CTR9
1220	CTSA
1221	CTSB
1222	CTSC
1223	CTSD
1224	CTSS
1225	CTTN
1226	CTTNBP2
1227	CTTNBP2NL
1228	CTU2
1229	CUEDC1
1230	CUL1
1231	CUL2
1232	CUL3
1233	CUL4A
1234	CUL4B
1235	CUL5
1236	CUL7
1237	CUL9
1238	CUX1
1239	CWC22
1240	CWC27
1241	CWF19L1
1242	CWF19L2
1243	CX3CR1
1244	CXCL1
1245	CXCL10
1246	CXCL13
1247	CXCL16
1248	CXCL2
1249	CXCL8
1250	CXCR3
1251	CXCR4
1252	CXORF21
1253	CXORF40A
1254	CXORF40B
1255	CXORF65
1256	CXXC1
1257	CXXC4
1258	CYB561
1259	CYB561A3
1260	CYB5R1
1261	CYB5R3
1262	CYB5R4
1263	CYBA
1264	CYC1
1265	CYCS
1266	CYFIP1
1267	CYFIP2
1268	CYLC1
1269	CYLC2
1270	CYLD
1271	CYP11B1
1272	CYP11B2
1273	CYP19A1
1274	CYP1A2
1275	CYP1B1
1276	CYP24A1
1277	CYP27A1
1278	CYP27B1
1279	CYP2B6
1280	CYP2C19
1281	CYP2C8
1282	CYP2C9
1283	CYP2D6
1284	CYP2F2P
1285	CYP2J2
1286	CYP2S1
1287	CYP3A4
1288	CYP3A5
1289	CYP3A7
1290	CYR61
1291	CYTH3
1292	CYTH4
1293	DAB1
1294	DAB2
1295	DAB2IP
1296	DACH1
1297	DACH2
1298	DAD1
1299	DAG1
1300	DAP
1301	DAP3
1302	DAPK1
1303	DAPK2
1304	DAPK3
1305	DAPL1
1306	DAPP1
1307	DARS2
1308	DAXX
1309	DAZ2
1310	DAZ3
1311	DAZ4
1312	DAZAP1
1313	DAZAP2
1314	DAZL
1315	DBF4
1316	DBNL
1317	DBT
1318	DCAF1
1319	DCAF11
1320	DCAF12
1321	DCAF13
1322	DCAF15
1323	DCAF16
1324	DCAF5
1325	DCAF7
1326	DCAF8L2
1327	DCBLD2
1328	DCC
1329	DCDC2
1330	DCK
1331	DCLK2
1332	DCLK3
1333	DCLRE1A
1334	DCLRE1B
1335	DCLRE1C
1336	DCTN1
1337	DCTN3
1338	DCTN4
1339	DCTN6
1340	DCTPP1
1341	DCUN1D1
1342	DCUN1D2
1343	DCX
1344	DCXR
1345	DDAH1
1346	DDB1
1347	DDB2
1348	DDI1
1349	DDIT3
1350	DDOST
1351	DDR1
1352	DDR2
1353	DDRGK1
1354	DDX1
1355	DDX10
1356	DDX11
1357	DDX18
1358	DDX21
1359	DDX23
1360	DDX24
1361	DDX28
1362	DDX31
1363	DDX39B
1364	DDX3X
1365	DDX41
1366	DDX42
1367	DDX43
1368	DDX46
1369	DDX47
1370	DDX49
1371	DDX5
1372	DDX50
1373	DDX51
1374	DDX52
1375	DDX54
1376	DDX55
1377	DDX56
1378	DDX6
1379	DDX60
1380	DDX60L
1381	DEDD
1382	DEDD2
1383	DEF6
1384	DEFA5
1385	DEFB118
1386	DEGS1
1387	DEK
1388	DENND1C
1389	DENND4A
1390	DENND4B
1391	DENND5B
1392	DEPDC1
1393	DEPDC5
1394	DERL1
1395	DERL2
1396	DERL3
1397	DES
1398	DET1
1399	DFFA
1400	DFFB
1401	DFNA5
1402	DFNB59
1403	DGAT2L6
1404	DGCR14
1405	DGCR8
1406	DGKA
1407	DGKI
1408	DGKZ
1409	DGUOK
1410	DHCR24
1411	DHFR
1412	DHPS
1413	DHRS3
1414	DHRS7
1415	DHRS7C
1416	DHTKD1
1417	DHX15
1418	DHX29
1419	DHX30
1420	DHX32
1421	DHX34
1422	DHX35
1423	DHX38
1424	DHX58
1425	DHX8
1426	DHX9
1427	DIABLO
1428	DIAPH2
1429	DIAPH3
1430	DICER1
1431	DIDO1
1432	DIEXF
1433	DIP2A
1434	DIP2B
1435	DIRC1
1436	DIRC2
1437	DIS3
1438	DIS3L
1439	DISP1
1440	DIXDC1
1441	DKC1
1442	DKK3
1443	DLAT
1444	DLD
1445	DLEC1
1446	DLEU2
1447	DLG1
1448	DLG4
1449	DLG5
1450	DLGAP1
1451	DLGAP4
1452	DLGAP5
1453	DMC1
1454	DMKN
1455	DMP1
1456	DMTF1
1457	DMWD
1458	DNA2
1459	DNAAF5
1460	DNAH1
1461	DNAH11
1462	DNAH6
1463	DNAJA2
1464	DNAJB1
1465	DNAJB2
1466	DNAJB3
1467	DNAJB4
1468	DNAJB6
1469	DNAJB8
1470	DNAJC10
1471	DNAJC11
1472	DNAJC21
1473	DNAJC25-GNG10
1474	DNAJC30
1475	DNAJC5G
1476	DNAJC6
1477	DNAJC7
1478	DNAJC8
1479	DNASE1
1480	DNASE1L1
1481	DNASE1L2
1482	DNASE1L3
1483	DNASE2
1484	DNHD1
1485	DNM1L
1486	DNM2
1487	DNM3
1488	DNMT1
1489	DNMT3B
1490	DNPEP
1491	DNTT
1492	DNTTIP1
1493	DOCK1
1494	DOCK10
1495	DOCK5
1496	DOK6
1497	DOLK
1498	DOLPP1
1499	DONSON
1500	DOT1L
1501	DPAGT1
1502	DPEP2
1503	DPF2
1504	DPH1
1505	DPH2
1506	DPM1
1507	DPP4
1508	DPP9
1509	DPPA3
1510	DPY19L4
1511	DPYS
1512	DPYSL2
1513	DPYSL3
1514	DRAM1
1515	DRAP1
1516	DRD4
1517	DRG1
1518	DSC1
1519	DSC2
1520	DSCAM
1521	DSCC1
1522	DSCR3
1523	DSCR4
1524	DSG2
1525	DSN1
1526	DSP
1527	DSPP
1528	DSTN
1529	DSTYK
1530	DTD1
1531	DTL
1532	DTNBP1
1533	DTWD2
1534	DTX3L
1535	DTX4
1536	DTYMK
1537	DUS1L
1538	DUS2
1539	DUS3L
1540	DUS4L
1541	DUSP13
1542	DUSP14
1543	DUSP16
1544	DUSP2
1545	DUSP22
1546	DUSP3
1547	DUSP5
1548	DUSP6
1549	DUSP7
1550	DUSP9
1551	DUT
1552	DVL1P1
1553	DVL2
1554	DVL3
1555	DYDC2
1556	DYM
1557	DYNC1LI1
1558	DYNLL1
1559	DYNLL2
1560	DYNLRB1
1561	DYNLT3
1562	DYRK2
1563	DZIP1
1564	DZIP1L
1565	E2F1
1566	E2F2
1567	E2F3
1568	E2F8
1569	E4F1
1570	EAF1
1571	EAF2
1572	EAPP
1573	EBAG9
1574	EBNA1BP2
1575	ECD
1576	ECE2
1577	ECH1
1578	ECHDC1
1579	ECHS1
1580	ECSIT
1581	ECT2
1582	EDA2R
1583	EDAR
1584	EDC4
1585	EDEM1
1586	EDF1
1587	EDN1
1588	EDRF1
1589	EEF1A1
1590	EEF1D
1591	EEF1E1
1592	EEPD1
1593	EFCAB12
1594	EFEMP1
1595	EFL1
1596	EFNA1
1597	EFNB2
1598	EFTUD2
1599	EGF
1600	EGFR
1601	EGLN3
1602	EGR1
1603	EGR2
1604	EGR3
1605	EHBP1
1606	EHBP1L1
1607	EHD1
1608	EHD2
1609	EHD4
1610	EHF
1611	EHMT1
1612	EHMT2
1613	EI24
1614	EIF2A
1615	EIF2AK2
1616	EIF2B1
1617	EIF2S1
1618	EIF2S2
1619	EIF2S3
1620	EIF3A
1621	EIF3B
1622	EIF3C
1623	EIF3E
1624	EIF3F
1625	EIF3G
1626	EIF3H
1627	EIF3J
1628	EIF3K
1629	EIF4A1
1630	EIF4A2
1631	EIF4A3
1632	EIF4E
1633	EIF4E2
1634	EIF4EBP1
1635	EIF4G1
1636	EIF4G2
1637	EIF4H
1638	EIF5
1639	EIF5A
1640	EIF5A2
1641	EIF5AL1
1642	EIF5B
1643	ELAVL1
1644	ELF1
1645	ELF2
1646	ELF3
1647	ELFN2
1648	ELL
1649	ELMO1
1650	ELMO2
1651	ELMO3
1652	ELMOD1
1653	ELOA
1654	ELOC
1655	ELOF1
1656	ELOVL1
1657	ELOVL3
1658	ELOVL7
1659	ELP1
1660	ELP3
1661	ELP4
1662	ELP5
1663	EMC2
1664	EMC3
1665	EMC6
1666	EMC7
1667	EMC8
1668	EMD
1669	EME1
1670	EMG1
1671	EMID1
1672	EML1
1673	EML3
1674	EML4
1675	EMP1
1676	EMP3
1677	EMX1
1678	ENDOG
1679	ENO1
1680	ENO2
1681	ENOPH1
1682	ENPP1
1683	ENPP4
1684	ENPP5
1685	ENTPD2
1686	ENTPD5
1687	ENY2
1688	EP300
1689	EP400
1690	EPAS1
1691	EPB41
1692	EPB41L1
1693	EPB41L4B
1694	EPB42
1695	EPC1
1696	EPCAM
1697	EPHA1
1698	EPHA2
1699	EPHB1
1700	EPHB2
1701	EPHX1
1702	EPHX3
1703	EPN3
1704	EPRS
1705	EPS15L1
1706	EPS8
1707	EPS8L1
1708	EPS8L2
1709	ERAP1
1710	ERBB2
1711	ERBB3
1712	ERBIN
1713	ERC2-IT1
1714	ERCC1
1715	ERCC2
1716	ERCC3
1717	ERCC4
1718	ERCC5
1719	ERCC6
1720	ERCC6L
1721	ERCC6L2
1722	ERCC8
1723	EREG
1724	ERGIC2
1725	ERGIC3
1726	ERH
1727	ERI2
1728	ERLIN1
1729	ERMP1
1730	ERN1
1731	ERN2
1732	ERO1A
1733	ERO1B
1734	ERP44
1735	ERRFI1
1736	ESCO2
1737	ESPL1
1738	ESPN
1739	ESR1
1740	ESR2
1741	ESRP1
1742	ESRP2
1743	ESRRA
1744	ESRRB
1745	ETFBKMT
1746	ETHE1
1747	EVC2
1748	EVPL
1749	EWSR1
1750	EXO1
1751	EXOC3-AS1
1752	EXOC5
1753	EXOG
1754	EXOSC1
1755	EXOSC10
1756	EXOSC2
1757	EXOSC4
1758	EXOSC5
1759	EXOSC8
1760	EXOSC9
1761	EXPH5
1762	EXT1
1763	EXT2
1764	EYA3
1765	EYA4
1766	EZH1
1767	EZH2
1768	F11R
1769	F13B
1770	F2R
1771	F2RL1
1772	F2RL2
1773	F2RL3
1774	F3
1775	FA2H
1776	FAAH
1777	FAAP100
1778	FAAP24
1779	FABP3
1780	FABP4
1781	FADD
1782	FADS2
1783	FAF1
1784	FAHD2A
1785	FAHD2B
1786	FAIM
1787	FAM107B
1788	FAM111A
1789	FAM111B
1790	FAM114A1
1791	FAM160A2
1792	FAM167A
1793	FAM173A
1794	FAM178B
1795	FAM193A
1796	FAM193B
1797	FAM19A1
1798	FAM20C
1799	FAM215A
1800	FAM30A
1801	FAM3A
1802	FAM3C
1803	FAM41C
1804	FAM46A
1805	FAM50A
1806	FAM58A
1807	FAM71A
1808	FAM71E1
1809	FAM72B
1810	FAM76B
1811	FAM78B
1812	FAM83B
1813	FAM83D
1814	FAM83F
1815	FAM83H
1816	FAM84B
1817	FAM89B
1818	FAM8A1
1819	FAM91A1
1820	FAM9B
1821	FAN1
1822	FANCA
1823	FANCC
1824	FANCD2
1825	FANCE
1826	FANCF
1827	FANCG
1828	FANCI
1829	FANCL
1830	FANCM
1831	FAP
1832	FAR2
1833	FARS2
1834	FARSA
1835	FAS
1836	FASLG
1837	FASN
1838	FASTK
1839	FASTKD2
1840	FASTKD3
1841	FASTKD5
1842	FAT1
1843	FAT3
1844	FAU
1845	FBL
1846	FBN1
1847	FBRS
1848	FBXL14
1849	FBXL18
1850	FBXL19
1851	FBXL2
1852	FBXL20
1853	FBXL6
1854	FBXL7
1855	FBXO17
1856	FBXO18
1857	FBXO28
1858	FBXO3
1859	FBXO31
1860	FBXO34
1861	FBXO36
1862	FBXO40
1863	FBXO44
1864	FBXO46
1865	FBXO5
1866	FBXO6
1867	FBXO9
1868	FBXW10
1869	FBXW11
1870	FBXW5
1871	FBXW7
1872	FBXW8
1873	FCAR
1874	FCER2
1875	FCGBP
1876	FCGR1A
1877	FCGR3A
1878	FCGR3B
1879	FCHO1
1880	FCHO2
1881	FCMR
1882	FCN3
1883	FCRL3
1884	FCRL4
1885	FDCSP
1886	FDX1
1887	FDX2
1888	FDXACB1
1889	FEM1B
1890	FEN1
1891	FER
1892	FERMT1
1893	FERMT2
1894	FETUB
1895	FEZ2
1896	FEZF2
1897	FGD1
1898	FGD2
1899	FGD6
1900	FGF2
1901	FGF5
1902	FGF8
1903	FGFBP1
1904	FGFR1
1905	FGFR2
1906	FGFR3
1907	FGG
1908	FGL2
1909	FGR
1910	FH
1911	FHL2
1912	FHL5
1913	FIGN
1914	FIP1L1
1915	FIS1
1916	FIZ1
1917	FKBP11
1918	FKBP14
1919	FKBP3
1920	FKBP5
1921	FKBP8
1922	FKBPL
1923	FLAD1
1924	FLCN
1925	FLI1
1926	FLII
1927	FLNB
1928	FLOT2
1929	FLRT2
1930	FLT1
1931	FLT3
1932	FLT3LG
1933	FLVCR1
1934	FLVCR2
1935	FLYWCH1
1936	FMN1
1937	FMNL1
1938	FMO2
1939	FMR1NB
1940	FN1
1941	FNDC3B
1942	FNDC9
1943	FNTA
1944	FOPNL
1945	FOS
1946	FOSB
1947	FOSL1
1948	FOSL2
1949	FOXA1
1950	FOXA2
1951	FOXF1
1952	FOXJ3
1953	FOXL1
1954	FOXM1
1955	FOXN4
1956	FOXO1
1957	FOXO3
1958	FOXO4
1959	FOXR1
1960	FOXRED1
1961	FOXRED2
1962	FPGS
1963	FRAT2
1964	FREM1
1965	FREM2
1966	FRK
1967	FRMD6
1968	FRMPD1
1969	FSCN2
1970	FSD1
1971	FSIP1
1972	FSTL1
1973	FSTL3
1974	FTO
1975	FUBP1
1976	FURIN
1977	FUS
1978	FUT1
1979	FUT3
1980	FUT9
1981	FUZ
1982	FXR1
1983	FXR2
1984	FXYD3
1985	FZD2
1986	FZD3
1987	FZD6
1988	FZD8
1989	FZR1
1990	G3BP1
1991	G3BP2
1992	G6PC2
1993	G6PC3
1994	GABARAPL2
1995	GABPA
1996	GABPB1
1997	GABPB1-IT1
1998	GABRA6
1999	GAD2
2000	GADD45A
2001	GADD45B
2002	GADD45G
2003	GADD45GIP1
2004	GAGE12I
2005	GAGE2C
2006	GALC
2007	GALE
2008	GALM
2009	GALNT14
2010	GALNT15
2011	GALP
2012	GAPDH
2013	GAPVD1
2014	GARNL3
2015	GART
2016	GAS2
2017	GAS2L1
2018	GAS2L2
2019	GATA3
2020	GATA6
2021	GATAD1
2022	GATAD2A
2023	GATAD2B
2024	GATC
2025	GBF1
2026	GBGT1
2027	GBP1
2028	GBP3
2029	GBP4
2030	GC
2031	GCAT
2032	GCC1
2033	GCDH
2034	GCLM
2035	GCM1
2036	GCM2
2037	GDAP1
2038	GDE1
2039	GDF1
2040	GDF10
2041	GDF15
2042	GDF7
2043	GDI1
2044	GDI2
2045	GDNF
2046	GDPD4
2047	GEMIN4
2048	GEMIN5
2049	GEMIN6
2050	GEMIN7
2051	GEN1
2052	GFER
2053	GFM2
2054	GFPT1
2055	GFPT2
2056	GGA1
2057	GGA2
2058	GGA3
2059	GGCX
2060	GH1
2061	GH2
2062	GHRHR
2063	GID8
2064	GIF
2065	GIGYF2
2066	GIMAP1
2067	GIMAP2
2068	GIN1
2069	GINS1
2070	GINS2
2071	GINS3
2072	GINS4
2073	GIPC1
2074	GIT1
2075	GJA8
2076	GJA9
2077	GJB2
2078	GJB3
2079	GJC3
2080	GK3P
2081	GLA
2082	GLB1
2083	GLE1
2084	GLI1
2085	GLI2
2086	GLI3
2087	GLIPR1
2088	GLMN
2089	GLOD4
2090	GLP1R
2091	GLRX3
2092	GLRX5
2093	GLS2
2094	GLT8D1
2095	GLT8D2
2096	GLUD1
2097	GLUD2
2098	GLYATL3
2099	GMIP
2100	GML
2101	GMNN
2102	GMPPB
2103	GMPR
2104	GMPR2
2105	GNA11
2106	GNA12
2107	GNA13
2108	GNA14
2109	GNAI2
2110	GNAI3
2111	GNAT1
2112	GNB1
2113	GNB1L
2114	GNB2
2115	GNB4
2116	GNG11
2117	GNG12
2118	GNG3
2119	GNG8
2120	GNGT1
2121	GNL1
2122	GNL2
2123	GNL3L
2124	GNPAT
2125	GNPDA1
2126	GNPDA2
2127	GNS
2128	GOLGA5
2129	GOLGA7
2130	GOLGB1
2131	GOLT1A
2132	GON4L
2133	GON7
2134	GORASP1
2135	GOSR1
2136	GOT2
2137	GP9
2138	GPAT3
2139	GPATCH1
2140	GPATCH2
2141	GPBP1L1
2142	GPC5
2143	GPD1
2144	GPHN
2145	GPKOW
2146	GPLD1
2147	GPN1
2148	GPN3
2149	GPR119
2150	GPR132
2151	GPR157
2152	GPR18
2153	GPR182
2154	GPR183
2155	GPR3
2156	GPR32
2157	GPR33
2158	GPR37L1
2159	GPR39
2160	GPR53P
2161	GPR65
2162	GPR68
2163	GPR89A
2164	GPR89B
2165	GPRC5A
2166	GPRC5B
2167	GPRC5C
2168	GPRIN2
2169	GPS1
2170	GPS2
2171	GPSM2
2172	GPSM3
2173	GPX2
2174	GPX4
2175	GPX5
2176	GPX8
2177	GRAMD2B
2178	GRAP2
2179	GRB7
2180	GRHL1
2181	GRHL2
2182	GRHL3
2183	GRIA3
2184	GRIK1
2185	GRIN1
2186	GRIP2
2187	GRIPAP1
2188	GRK2
2189	GRK6
2190	GRM4
2191	GRM8
2192	GRTP1
2193	GRWD1
2194	GSC
2195	GSDMC
2196	GSG2
2197	GSK3B
2198	GSKIP
2199	GSN
2200	GSPT1
2201	GSTA3
2202	GSTK1
2203	GSTM2
2204	GSTO2
2205	GTF2A1L
2206	GTF2A2
2207	GTF2B
2208	GTF2E2
2209	GTF2F1
2210	GTF2H1
2211	GTF2H3
2212	GTF2H4
2213	GTF2H5
2214	GTF2I
2215	GTF3A
2216	GTF3C1
2217	GTF3C3
2218	GTF3C4
2219	GTF3C5
2220	GTPBP1
2221	GTPBP2
2222	GTPBP3
2223	GTPBP4
2224	GTSE1
2225	GUCA1A
2226	GUCA2B
2227	GULP1
2228	GYPB
2229	GYPE
2230	GZMA
2231	GZMB
2232	GZMH
2233	GZMM
2234	H1FNT
2235	H1FX
2236	H2AFV
2237	H2AFX
2238	H2AFZ
2239	H3F3B
2240	H3F3C
2241	HACD1
2242	HACD3
2243	HACE1
2244	HACL1
2245	HADH
2246	HAGH
2247	HAL
2248	HAMP
2249	HAO2
2250	HAT1
2251	HAUS1
2252	HAUS2
2253	HAUS4
2254	HAUS5
2255	HAUS6
2256	HAUS7
2257	HAUS8
2258	HBP1
2259	HBS1L
2260	HCAR1
2261	HCCS
2262	HCFC1
2263	HCG27
2264	HCG9
2265	HCK
2266	HCLS1
2267	HCN1
2268	HCN3
2269	HDAC1
2270	HDAC10
2271	HDAC11
2272	HDAC2
2273	HDAC3
2274	HDAC4
2275	HDAC7
2276	HDAC9
2277	HDDC3
2278	HDGFL2
2279	HDHD2
2280	HDHD5
2281	HDLBP
2282	HDX
2283	HEATR1
2284	HEBP1
2285	HEBP2
2286	HECTD1
2287	HECTD3
2288	HEG1
2289	HELLS
2290	HEMK1
2291	HERC1
2292	HERC5
2293	HERC6
2294	HEXB
2295	HEXDC
2296	HFE
2297	HGF
2298	HGS
2299	HHATL
2300	HHLA2
2301	HIBCH
2302	HIF1A
2303	HIF3A
2304	HIGD2A
2305	HIKESHI
2306	HINFP
2307	HINT1
2308	HIP1R
2309	HIPK1
2310	HIPK2
2311	HIPK4
2312	HIRIP3
2313	HIST1H1C
2314	HIST1H2AA
2315	HIST1H2AE
2316	HIST1H2AJ
2317	HIST1H2AK
2318	HIST1H2AM
2319	HIST1H2BD
2320	HIST1H2BE
2321	HIST1H2BF
2322	HIST1H2BG
2323	HIST1H2BH
2324	HIST1H2BI
2325	HIST1H2BO
2326	HIST1H3B
2327	HIST1H3C
2328	HIST1H3D
2329	HIST1H3E
2330	HIST1H3F
2331	HIST1H3H
2332	HIST1H3I
2333	HIST1H3J
2334	HIST1H4A
2335	HIST1H4B
2336	HIST1H4D
2337	HIST1H4E
2338	HIST1H4F
2339	HIST1H4G
2340	HIST1H4H
2341	HIST1H4I
2342	HIST1H4L
2343	HJURP
2344	HK1
2345	HK2
2346	HLA-B
2347	HLA-C
2348	HLA-DOA
2349	HLA-DOB
2350	HLA-DQB1
2351	HLA-DRA
2352	HLA-DRB5
2353	HLA-E
2354	HLA-F
2355	HLA-G
2356	HLCS
2357	HM13
2358	HMBOX1
2359	HMBS
2360	HMCN1
2361	HMGA2
2362	HMGB1
2363	HMGB2
2364	HMGN1
2365	HMGN1P2
2366	HMGN2
2367	HMGN2P11
2368	HMGN4
2369	HMMR
2370	HMOX1
2371	HNF4A
2372	HNF4G
2373	HNRNPA0
2374	HNRNPA1
2375	HNRNPA2B1
2376	HNRNPA3
2377	HNRNPAB
2378	HNRNPC
2379	HNRNPCL1
2380	HNRNPD
2381	HNRNPDL
2382	HNRNPF
2383	HNRNPH1
2384	HNRNPH3
2385	HNRNPM
2386	HNRNPR
2387	HNRNPU
2388	HNRNPUL1
2389	HOMER1
2390	HOOK2
2391	HOXA1
2392	HOXA10
2393	HOXA9
2394	HOXB1
2395	HOXB4
2396	HOXB5
2397	HOXB7
2398	HOXB8
2399	HOXC10
2400	HOXC11
2401	HOXC6
2402	HOXC8
2403	HOXC9
2404	HOXD1
2405	HOXD10
2406	HOXD12
2407	HPD
2408	HPF1
2409	HPS1
2410	HPS5
2411	HRAS
2412	HRG
2413	HRH3
2414	HRH4
2415	HRK
2416	HS3ST3A1
2417	HS3ST5
2418	HSCB
2419	HSD17B11
2420	HSD3B2
2421	HSD3B7
2422	HSDL2
2423	HSF1
2424	HSF2
2425	HSFX1
2426	HSH2D
2427	HSP90AA1
2428	HSP90AB1
2429	HSPA13
2430	HSPA14
2431	HSPA4
2432	HSPA8
2433	HSPA9
2434	HSPB2
2435	HSPB3
2436	HSPBP1
2437	HSPD1
2438	HSPE1
2439	HTATIP2
2440	HTN1
2441	HTR1E
2442	HTR5A
2443	HTR7P1
2444	HTRA1
2445	HTRA2
2446	HTT
2447	HUS1
2448	HUS1B
2449	HUWE1
2450	HVCN1
2451	IAPP
2452	IARS
2453	IARS2
2454	IBSP
2455	IBTK
2456	ICAM1
2457	ICE2
2458	ICK
2459	ICMT
2460	ICOS
2461	ID1
2462	ID2B
2463	ID3
2464	IDH3G
2465	IDI1
2466	IER3IP1
2467	IFFO1
2468	IFI16
2469	IFI27
2470	IFI27L2
2471	IFI35
2472	IFI6
2473	IFIT1
2474	IFIT2
2475	IFNA6
2476	IFNG
2477	IFNGR1
2478	IFRD1
2479	IFRD2
2480	IFT80
2481	IGBP1
2482	IGF1
2483	IGF1R
2484	IGF2
2485	IGFBP3
2486	IGFBP6
2487	IGFBP7
2488	IGHD3-16
2489	IGHMBP2
2490	IGLL1
2491	IGSF9
2492	IK
2493	IKBIP
2494	IKBKB
2495	IKBKE
2496	IKBKG
2497	IKZF1
2498	IKZF2
2499	IKZF5
2500	IL10
2501	IL10RA
2502	IL10RB
2503	IL12B
2504	IL13RA1
2505	IL16
2506	IL17A
2507	IL17RB
2508	IL17RC
2509	IL18
2510	IL18BP
2511	IL1A
2512	IL1B
2513	IL1R1
2514	IL1RAP
2515	IL1RL2
2516	IL1RN
2517	IL2
2518	IL20RA
2519	IL20RB
2520	IL22RA2
2521	IL24
2522	IL26
2523	IL27RA
2524	IL2RA
2525	IL2RB
2526	IL2RG
2527	IL3
2528	IL3RA
2529	IL4
2530	IL5RA
2531	IL6
2532	IL6ST
2533	IL7
2534	ILDR2
2535	ILF2
2536	ILF3
2537	ILK
2538	ILKAP
2539	IMP3
2540	IMPA1
2541	IMPAD1
2542	IMPDH2
2543	IMPG1
2544	INAVA
2545	INCENP
2546	ING1
2547	ING3
2548	ING5
2549	INHA
2550	INHBA
2551	INIP
2552	INO80D
2553	INO80E
2554	INS
2555	INSIG1
2556	INTS1
2557	INTS10
2558	INTS12
2559	INTS14
2560	INTS2
2561	INTS3
2562	INTS5
2563	INTS6L
2564	INTU
2565	IPMK
2566	IPO4
2567	IPO5
2568	IPO9
2569	IPW
2570	IQCB1
2571	IQCC
2572	IQCE
2573	IQCF1
2574	IQCH
2575	IRAK1
2576	IRAK3
2577	IRAK4
2578	IREB2
2579	IRF2
2580	IRF2BP1
2581	IRF3
2582	IRF4
2583	IRF6
2584	IRF7
2585	IRF8
2586	IRF9
2587	IRX3
2588	IRX5
2589	ISCA1
2590	ISG15
2591	ISG20L2
2592	ITCH
2593	ITFG1
2594	ITFG2
2595	ITGA10
2596	ITGA2
2597	ITGA3
2598	ITGA5
2599	ITGAL
2600	ITGAV
2601	ITGAX
2602	ITGB1
2603	ITGB3
2604	ITGB3BP
2605	ITGB4
2606	ITGB5
2607	ITGB6
2608	ITGBL1
2609	ITM2A
2610	ITM2C
2611	ITPA
2612	ITPKC
2613	ITSN1
2614	IYD
2615	IZUMO2
2616	JADE2
2617	JADE3
2618	JAGN1
2619	JAK1
2620	JAK2
2621	JAM2
2622	JAZF1
2623	JCHAIN
2624	JPH3
2625	JTB
2626	JUN
2627	JUNB
2628	JUND
2629	JUP
2630	KALRN
2631	KANSL1
2632	KARS
2633	KAT2A
2634	KAT2B
2635	KAT5
2636	KAT6A
2637	KAT6B
2638	KAT8
2639	KATNA1
2640	KATNAL2
2641	KAZN
2642	KBTBD11
2643	KBTBD12
2644	KBTBD3
2645	KBTBD4
2646	KBTBD6
2647	KBTBD7
2648	KBTBD8
2649	KCMF1
2650	KCNA10
2651	KCNA5
2652	KCNC4
2653	KCND1
2654	KCND3
2655	KCNG3
2656	KCNG4
2657	KCNH2
2658	KCNH4
2659	KCNH6
2660	KCNH7
2661	KCNIP2
2662	KCNJ13
2663	KCNJ3
2664	KCNJ5
2665	KCNJ9
2666	KCNK1
2667	KCNMA1
2668	KCNQ4
2669	KCNQ5
2670	KCNRG
2671	KCNS1
2672	KCNT2
2673	KCNV1
2674	KCTD11
2675	KCTD12
2676	KCTD13
2677	KCTD2
2678	KCTD20
2679	KCTD3
2680	KDELC1
2681	KDELR2
2682	KDELR3
2683	KDF1
2684	KDM1A
2685	KDM2A
2686	KDM2B
2687	KDM3A
2688	KDM3B
2689	KDM4B
2690	KDM5B
2691	KDM5D
2692	KDM6B
2693	KDR
2694	KEAP1
2695	KERA
2696	KHDRBS1
2697	KHDRBS2
2698	KHDRBS3
2699	KHK
2700	KHSRP
2701	KIAA0355
2702	KIAA0408
2703	KIAA0895
2704	KIAA1217
2705	KIAA1522
2706	KIAA1524
2707	KIAA2026
2708	KIDINS220
2709	KIF11
2710	KIF13A
2711	KIF14
2712	KIF15
2713	KIF18A
2714	KIF18B
2715	KIF1A
2716	KIF1B
2717	KIF1BP
2718	KIF1C
2719	KIF20A
2720	KIF20B
2721	KIF23
2722	KIF2A
2723	KIF2C
2724	KIF4A
2725	KIF5A
2726	KIF5C
2727	KIFC1
2728	KIN
2729	KIR2DL1
2730	KIR2DL3
2731	KIR2DL4
2732	KIRREL
2733	KIT
2734	KLB
2735	KLC3
2736	KLF1
2737	KLF3
2738	KLF4
2739	KLF5
2740	KLF7
2741	KLHDC1
2742	KLHDC2
2743	KLHL1
2744	KLHL12
2745	KLHL18
2746	KLHL23
2747	KLHL25
2748	KLHL28
2749	KLHL3
2750	KLHL33
2751	KLHL36
2752	KLHL38
2753	KLHL8
2754	KLHL9
2755	KLK10
2756	KLK11
2757	KLK15
2758	KLK2
2759	KLK5
2760	KLK6
2761	KLK7
2762	KLK8
2763	KLK9
2764	KLRC1
2765	KLRD1
2766	KMT2A
2767	KMT2C
2768	KMT2D
2769	KMT2E
2770	KMT5A
2771	KMT5B
2772	KMT5C
2773	KNL1
2774	KNSTRN
2775	KNTC1
2776	KPNA2
2777	KPNA5
2778	KPNA7
2779	KPRP
2780	KPTN
2781	KRAS
2782	KRI1
2783	KRIT1
2784	KRT1
2785	KRT15
2786	KRT16
2787	KRT19
2788	KRT27
2789	KRT32
2790	KRT6B
2791	KRT7
2792	KRT72
2793	KRT76
2794	KRT8
2795	KRT80
2796	KRT88P
2797	KRT89P
2798	KRTAP19-7
2799	KSR1
2800	KYAT1
2801	L2HGDH
2802	L3HYPDH
2803	L3MBTL2
2804	L3MBTL4
2805	LACC1
2806	LAD1
2807	LAIR1
2808	LALBA
2809	LAMA2
2810	LAMA4
2811	LAMA5
2812	LAMB1
2813	LAMB2
2814	LAMB3
2815	LAMB4
2816	LAMC1
2817	LAMC2
2818	LAMC3
2819	LAMP1
2820	LAMP2
2821	LAMP5
2822	LAMTOR3
2823	LAMTOR4
2824	LAMTOR5
2825	LANCL1
2826	LAPTM4A
2827	LAPTM4B
2828	LAPTM5
2829	LARP1
2830	LARP4B
2831	LARP6
2832	LARP7
2833	LAS1L
2834	LASP1
2835	LAT2
2836	LATS1
2837	LATS2
2838	LBHD1
2839	LBR
2840	LCE1E
2841	LCE5A
2842	LCMT1
2843	LCN2
2844	LCORL
2845	LCP1
2846	LCP2
2847	LDB1
2848	LDHA
2849	LDHBP2
2850	LDLRAD4
2851	LDLRAP1
2852	LDOC1
2853	LEAP2
2854	LECT2
2855	LEMD3
2856	LENEP
2857	LENG1
2858	LENG8
2859	LEO1
2860	LEP
2861	LEPROT
2862	LEPROTL1
2863	LEXM
2864	LGALS1
2865	LGALS3
2866	LGALS3BP
2867	LGALS7
2868	LGALSL
2869	LHFP
2870	LHFPL2
2871	LHFPL5
2872	LHX2
2873	LIF
2874	LIG1
2875	LIG3
2876	LIG4
2877	LILRA1
2878	LILRB1
2879	LILRB3
2880	LIMA1
2881	LIMD2
2882	LIME1
2883	LIN37
2884	LIN52
2885	LIN7A
2886	LIN7C
2887	LIN9
2888	LINC00029
2889	LINC00200
2890	LINC00452
2891	LINC00909
2892	LINC01003
2893	LINC01547
2894	LINC01623
2895	LINC01743
2896	LINC02145
2897	LINC02288
2898	LINC02486
2899	LIPA
2900	LIPE
2901	LIPG
2902	LIPH
2903	LIPT1
2904	LLGL2
2905	LLPH
2906	LMAN1
2907	LMAN1L
2908	LMBRD1
2909	LMNA
2910	LMNB1
2911	LMNB2
2912	LMNTD1
2913	LMO3
2914	LMOD1
2915	LMTK2
2916	LNPEP
2917	LONRF3
2918	LOX
2919	LOXL2
2920	LPAL2
2921	LPAR1
2922	LPAR4
2923	LPCAT4
2924	LPP
2925	LRCH4
2926	LRFN5
2927	LRIG2
2928	LRP10
2929	LRP12
2930	LRP1B
2931	LRRC1
2932	LRRC10
2933	LRRC32
2934	LRRC37A3
2935	LRRC39
2936	LRRC40
2937	LRRC57
2938	LRRC59
2939	LRRC8E
2940	LRRN1
2941	LRRN4CL
2942	LRRTM2
2943	LRRTM4
2944	LRTM1
2945	LSG1
2946	LSM11
2947	LSM12
2948	LSM14A
2949	LSM2
2950	LSM3
2951	LSM6
2952	LSM7
2953	LSP1
2954	LSR
2955	LSS
2956	LTA
2957	LTB4R
2958	LTBP2
2959	LTBP3
2960	LTBR
2961	LTK
2962	LUC7L
2963	LUC7L2
2964	LUC7L3
2965	LY6G5B
2966	LY6G6C
2967	LY6G6D
2968	LY6K
2969	LY86
2970	LY9
2971	LY96
2972	LYAR
2973	LYPD2
2974	LYPD5
2975	LYRM2
2976	LYRM7
2977	LYST
2978	LYZL4
2979	LZTR1
2980	LZTS2
2981	M6PR
2982	MACC1
2983	MACROD2
2984	MAD2L1
2985	MAD2L2
2986	MADD
2987	MAEA
2988	MAF1
2989	MAFK
2990	MAG
2991	MAGEC3
2992	MAGED4
2993	MAGEH1
2994	MAGEL2
2995	MAGI3
2996	MAGOH
2997	MAK16
2998	MAL2
2999	MAML1
3000	MAN2B1
3001	MAN2C1
3002	MANBAL
3003	MANEA
3004	MAP1LC3A
3005	MAP1LC3B
3006	MAP1S
3007	MAP2
3008	MAP2K1
3009	MAP2K3
3010	MAP2K4
3011	MAP2K5
3012	MAP2K7
3013	MAP3K1
3014	MAP3K10
3015	MAP3K11
3016	MAP3K19
3017	MAP3K20
3018	MAP3K3
3019	MAP3K5
3020	MAP3K7
3021	MAP3K9
3022	MAP4
3023	MAP4K1
3024	MAP4K3
3025	MAP4K5
3026	MAP7
3027	MAPK1
3028	MAPK10
3029	MAPK11
3030	MAPK12
3031	MAPK13
3032	MAPK14
3033	MAPK3
3034	MAPK4
3035	MAPK7
3036	MAPK8
3037	MAPK8IP3
3038	MAPK9
3039	MAPKAP1
3040	MAPKAPK2
3041	MAPKAPK3
3042	MAPKAPK5
3043	MAPKAPK5-AS1
3044	MAPRE1
3045	MAPT
3046	MAR-02
3047	MAR-05
3048	MAR-06
3049	MAR-07
3050	MARK1
3051	MARK2
3052	MARK3
3053	MARK4
3054	MARS2
3055	MARVELD2
3056	MARVELD3
3057	MAST3
3058	MAST4
3059	MASTL
3060	MAT2A
3061	MATN2
3062	MATR3
3063	MAX
3064	MAZ
3065	MBD1
3066	MBD3
3067	MBD4
3068	MBIP
3069	MBL1P
3070	MBNL1
3071	MBOAT7
3072	MBTD1
3073	MBTPS1
3074	MBTPS2
3075	MC3R
3076	MCCD1
3077	MCL1
3078	MCM10
3079	MCM2
3080	MCM3
3081	MCM4
3082	MCM5
3083	MCM6
3084	MCM7
3085	MCM8
3086	MCPH1
3087	MCRS1
3088	MCTP1
3089	MCUR1
3090	MDC1
3091	MDH1
3092	MDH2
3093	MDM2
3094	MDM4
3095	MDN1
3096	ME1
3097	ME2
3098	MEAF6
3099	MED1
3100	MED12
3101	MED13
3102	MED13L
3103	MED15
3104	MED16
3105	MED17
3106	MED18
3107	MED21
3108	MED23
3109	MED24
3110	MED26
3111	MED28
3112	MED30
3113	MED4
3114	MED6
3115	MED7
3116	MELK
3117	MEMO1
3118	MEOX2
3119	MEPE
3120	MESDC1
3121	MESP2
3122	METAP1
3123	METAP2
3124	METRN
3125	METRNL
3126	METTL14
3127	METTL3
3128	METTL6
3129	MFF
3130	MFN1
3131	MFNG
3132	MFSD12
3133	MFSD3
3134	MFSD5
3135	MFSD6
3136	MGAT2
3137	MGAT4B
3138	MGMT
3139	MGRN1
3140	MGST2
3141	MIA
3142	MIB1
3143	MICA
3144	MICAL1
3145	MICAL3
3146	MICALL1
3147	MICB
3148	MIEF1
3149	MIER1
3150	MIER2
3151	MINDY1
3152	MINK1
3153	MINPP1
3154	MIOS
3155	MIR1-1HG
3156	MIR17HG
3157	MIR7-3HG
3158	MIS18A
3159	MIS18BP1
3160	MISP
3161	MKI67
3162	MKKS
3163	MKLN1
3164	MKRN2
3165	MLF2
3166	MLH1
3167	MLH3
3168	MLKL
3169	MLLT1
3170	MLLT10
3171	MLLT6
3172	MLST8
3173	MMADHC
3174	MMEL1
3175	MMP14
3176	MMP2
3177	MMP28
3178	MMS19
3179	MN1
3180	MNAT1
3181	MND1
3182	MNDA
3183	MNT
3184	MOAP1
3185	MOB3A
3186	MOCS2
3187	MOCS3
3188	MOGAT2
3189	MOK
3190	MON1B
3191	MORC2
3192	MORC3
3193	MORF4L1
3194	MORF4L2
3195	MORN5
3196	MOS
3197	MOSPD3
3198	MPDZ
3199	MPG
3200	MPHOSPH10
3201	MPHOSPH6
3202	MPHOSPH8
3203	MPHOSPH9
3204	MPIG6B
3205	MPL
3206	MPO
3207	MPP7
3208	MPZL1
3209	MPZL2
3210	MRAP2
3211	MRC1
3212	MRC2
3213	MRE11
3214	MRFAP1
3215	MRFAP1L1
3216	MRGPRG-AS1
3217	MRGPRX4
3218	MRM1
3219	MRNIP
3220	MROH5
3221	MRPL12
3222	MRPL13
3223	MRPL15
3224	MRPL18
3225	MRPL19
3226	MRPL2
3227	MRPL20
3228	MRPL21
3229	MRPL23
3230	MRPL27
3231	MRPL3
3232	MRPL30
3233	MRPL32
3234	MRPL34
3235	MRPL37
3236	MRPL38
3237	MRPL39
3238	MRPL4
3239	MRPL40
3240	MRPL42
3241	MRPL45
3242	MRPL46
3243	MRPL47
3244	MRPL49
3245	MRPL54
3246	MRPL58
3247	MRPL9
3248	MRPS10
3249	MRPS12
3250	MRPS15
3251	MRPS16
3252	MRPS17
3253	MRPS18C
3254	MRPS2
3255	MRPS22
3256	MRPS25
3257	MRPS26
3258	MRPS28
3259	MRPS30
3260	MRPS31
3261	MRPS33
3262	MRPS34
3263	MRPS36
3264	MRPS36P4
3265	MRPS7
3266	MRRF
3267	MRVI1
3268	MS4A3
3269	MS4A6A
3270	MSH2
3271	MSH3
3272	MSH5
3273	MSH6
3274	MSL2
3275	MSL3
3276	MSLN
3277	MSMO1
3278	MSMP
3279	MSRB2
3280	MSRB3
3281	MST1
3282	MST1R
3283	MSTN
3284	MT-ND4
3285	MT1X
3286	MT2A
3287	MT4
3288	MTA1
3289	MTA2
3290	MTBP
3291	MTERF4
3292	MTF2
3293	MTFR1
3294	MTFR1L
3295	MTFR2
3296	MTG2
3297	MTIF2
3298	MTIF3
3299	MTMR14
3300	MTMR4
3301	MTMR6
3302	MTMR9
3303	MTOR
3304	MTPAP
3305	MTPN
3306	MTR
3307	MTRR
3308	MTX2
3309	MUC17
3310	MUC20
3311	MUM1
3312	MUS81
3313	MUT
3314	MUTYH
3315	MVP
3316	MX1
3317	MXD3
3318	MXI1
3319	MXRA7
3320	MYB
3321	MYBBP1A
3322	MYBL1
3323	MYBL2
3324	MYBPC1
3325	MYBPC3
3326	MYC
3327	MYCBP2
3328	MYCN
3329	MYD88
3330	MYDGF
3331	MYH13
3332	MYH14
3333	MYH15
3334	MYH2
3335	MYH3
3336	MYH4
3337	MYH6
3338	MYH7
3339	MYH9
3340	MYL12A
3341	MYL12B
3342	MYLIP
3343	MYLK
3344	MYLK3
3345	MYLPF
3346	MYO1B
3347	MYO1C
3348	MYO1E
3349	MYO5C
3350	MYO6
3351	MYO9B
3352	MYOF
3353	MYT1
3354	MZB1
3355	MZF1
3356	N4BP2L2
3357	N4BP2L2-IT2
3358	N6AMT1
3359	NAA10
3360	NAA15
3361	NAA16
3362	NAA20
3363	NAA38
3364	NAA40
3365	NAA50
3366	NAALAD2
3367	NABP1
3368	NABP2
3369	NACA
3370	NACA2
3371	NACAD
3372	NACAP1
3373	NADK
3374	NADSYN1
3375	NAE1
3376	NAGLU
3377	NAGS
3378	NAIP
3379	NAMPT
3380	NANP
3381	NAP1L1
3382	NAP1L4
3383	NAP1L6
3384	NAPB
3385	NARF
3386	NARFL
3387	NARS
3388	NARS2
3389	NASP
3390	NAT10
3391	NAT2
3392	NAT8
3393	NAV3
3394	NBEAL1
3395	NBEAL2
3396	NBL1
3397	NBN
3398	NBR1
3399	NBR2
3400	NCAM1
3401	NCAPD2
3402	NCAPD3
3403	NCAPG
3404	NCAPG2
3405	NCAPH
3406	NCAPH2
3407	NCBP1
3408	NCBP2
3409	NCEH1
3410	NCF4
3411	NCK1
3412	NCKAP1
3413	NCKAP1L
3414	NCKIPSD
3415	NCL
3416	NCLN
3417	NCOA2
3418	NCOA3
3419	NCOA6
3420	NCOR1
3421	NCOR2
3422	NCR1
3423	NCS1
3424	NDC1
3425	NDC80
3426	NDEL1
3427	NDN
3428	NDRG1
3429	NDST1
3430	NDST3
3431	NDUFA11
3432	NDUFA12
3433	NDUFA13
3434	NDUFA3
3435	NDUFA5
3436	NDUFA8
3437	NDUFA9
3438	NDUFAF4
3439	NDUFAF6
3440	NDUFB10
3441	NDUFB2
3442	NDUFB5
3443	NDUFB6
3444	NDUFB7
3445	NDUFB9
3446	NDUFS1
3447	NDUFS2
3448	NDUFS4
3449	NDUFS7
3450	NDUFS8
3451	NDUFV1
3452	NDUFV2
3453	NECAB2
3454	NECAP1
3455	NECTIN1
3456	NECTIN2
3457	NECTIN4
3458	NEDD4
3459	NEDD4L
3460	NEDD8
3461	NEDD9
3462	NEFL
3463	NEIL1
3464	NEIL2
3465	NEIL3
3466	NEK1
3467	NEK2
3468	NEK5
3469	NEK6
3470	NEK7
3471	NELFB
3472	NEMP1
3473	NEPRO
3474	NET1
3475	NEU1
3476	NEUROD6
3477	NEUROG1
3478	NEUROG2
3479	NEXN
3480	NF1
3481	NF2
3482	NFATC1
3483	NFATC2
3484	NFATC2IP
3485	NFATC3
3486	NFE2L2
3487	NFIX
3488	NFKB1
3489	NFKB2
3490	NFKBIA
3491	NFRKB
3492	NFS1
3493	NFXL1
3494	NFYA
3495	NFYB
3496	NFYC
3497	NGDN
3498	NGFR
3499	NGLY1
3500	NHEJ1
3501	NHP2
3502	NIF3L1
3503	NIFK
3504	NIM1K
3505	NIPAL1
3506	NIPBL
3507	NKAP
3508	NKG7
3509	NKIRAS2
3510	NKRF
3511	NKX2-2
3512	NLE1
3513	NLRC4
3514	NLRP1
3515	NLRP2
3516	NLRP3
3517	NMBR
3518	NMD3
3519	NME1
3520	NME1-NME2
3521	NME3
3522	NME5
3523	NME6
3524	NMI
3525	NMNAT1
3526	NMT2
3527	NMUR1
3528	NNMT
3529	NNT
3530	NOB1
3531	NOC2L
3532	NOC3L
3533	NOC4L
3534	NOD1
3535	NOD2
3536	NOL10
3537	NOL11
3538	NOL12
3539	NOL3
3540	NOL4
3541	NOL6
3542	NOL8
3543	NOLC1
3544	NONO
3545	NOP10
3546	NOP14
3547	NOP14-AS1
3548	NOP16
3549	NOP2
3550	NOP53
3551	NOP56
3552	NOP58
3553	NOS2
3554	NOTCH1
3555	NOTCH2
3556	NOTCH2NL
3557	NPAT
3558	NPC2
3559	NPLOC4
3560	NPM1
3561	NPM3
3562	NPNT
3563	NPPC
3564	NPR2
3565	NPRL2
3566	NPTN
3567	NPTXR
3568	NPVF
3569	NPY2R
3570	NQO2
3571	NR1D1
3572	NR1H2
3573	NR1I2
3574	NR2C1
3575	NR2C2
3576	NR2F6
3577	NR4A1
3578	NR5A1
3579	NRAS
3580	NRBF2
3581	NRBP1
3582	NRBP2
3583	NRDC
3584	NRDE2
3585	NRF1
3586	NRG2
3587	NRIP2
3588	NRM
3589	NRXN1
3590	NSA2
3591	NSD2
3592	NSD3
3593	NSDHL
3594	NSL1
3595	NSMCE1
3596	NSMCE2
3597	NSMCE4A
3598	NSUN2
3599	NSUN4
3600	NSUN6
3601	NSUN7
3602	NT5C2
3603	NT5E
3604	NTF3
3605	NTHL1
3606	NTN4
3607	NTRK1
3608	NTRK2
3609	NUAK1
3610	NUB1
3611	NUCB1
3612	NUDC
3613	NUDCD1
3614	NUDCD3
3615	NUDT1
3616	NUDT18
3617	NUDT21
3618	NUDT3
3619	NUDT5
3620	NUF2
3621	NUMA1
3622	NUMB
3623	NUP153
3624	NUP155
3625	NUP160
3626	NUP188
3627	NUP205
3628	NUP214
3629	NUP43
3630	NUP54
3631	NUP58
3632	NUP62
3633	NUP85
3634	NUP88
3635	NUP93
3636	NUPL2
3637	NUPR1
3638	NUS1
3639	NUSAP1
3640	NUTM1
3641	NVL
3642	NXF1
3643	NXN
3644	NXPE2
3645	NXT1
3646	NXT2
3647	OAF
3648	OAS1
3649	OAS2
3650	OAS3
3651	OASL
3652	OBP2A
3653	OCEL1
3654	OCRL
3655	ODAM
3656	ODC1
3657	ODF3L1
3658	OFCC1
3659	OFD1
3660	OGDH
3661	OGFOD2
3662	OGFR
3663	OGG1
3664	OIP5
3665	OLFM4
3666	OLIG2
3667	OMA1
3668	OMD
3669	OPA1
3670	OPN4
3671	OPRK1
3672	OPRPN
3673	OPTN
3674	OR10A5
3675	OR10A7
3676	OR10AG1
3677	OR10J1
3678	OR13A1
3679	OR14A16
3680	OR1F1
3681	OR1I1
3682	OR1S2
3683	OR2B11
3684	OR2F1
3685	OR2H2
3686	OR2J3
3687	OR2M4
3688	OR2T11
3689	OR2Z1
3690	OR4C16
3691	OR4C3
3692	OR4E2
3693	OR4F6
3694	OR4K1
3695	OR4S1
3696	OR4X1
3697	OR51B5
3698	OR51V1
3699	OR52B2
3700	OR52B6
3701	OR52J3
3702	OR5B2
3703	OR5D2P
3704	OR5H14
3705	OR5K1
3706	OR5K2
3707	OR5M9
3708	OR7A10
3709	OR7G1
3710	OR8B8
3711	OR9A2
3712	ORAOV1
3713	ORC1
3714	ORC5
3715	ORM1
3716	ORM2
3717	OSBPL11
3718	OSBPL2
3719	OSBPL8
3720	OSBPL9
3721	OSGEPL1
3722	OSGIN1
3723	OSM
3724	OSMR
3725	OSTM1
3726	OTOF
3727	OTUB1
3728	OTUD6B
3729	OTULIN
3730	OTX1
3731	OVOL1
3732	OVOL2
3733	OXA1L
3734	OXNAD1
3735	P2RX1
3736	P2RY14
3737	P2RY2
3738	P3H1
3739	P3H2
3740	P4HA2
3741	P4HB
3742	PA2G4
3743	PABPC3
3744	PABPC4L
3745	PABPN1
3746	PACS2
3747	PADI1
3748	PAF1
3749	PAFAH1B1
3750	PAFAH1B3
3751	PAICS
3752	PAK1
3753	PAK1IP1
3754	PAK3
3755	PAK4
3756	PAK5
3757	PALB2
3758	PALLD
3759	PALMD
3760	PAM
3761	PAM16
3762	PAMR1
3763	PAN2
3764	PAN3
3765	PANK2
3766	PANK4
3767	PAPD7
3768	PAPOLA
3769	PAPOLG
3770	PARD6B
3771	PARG
3772	PARK7
3773	PARL
3774	PARP1
3775	PARP12
3776	PARP14
3777	PARP16
3778	PARP2
3779	PARP3
3780	PARP4
3781	PARVA
3782	PARVG
3783	PASK
3784	PATE2
3785	PATJ
3786	PATZ1
3787	PAWR
3788	PAX3
3789	PAX4
3790	PAX7
3791	PAXBP1
3792	PAXIP1
3793	PBK
3794	PBOV1
3795	PBX1
3796	PBX2
3797	PCBP2P1
3798	PCBP4
3799	PCDHA1
3800	PCDHA10
3801	PCDHA2
3802	PCDHA3
3803	PCDHA4
3804	PCDHA5
3805	PCDHA6
3806	PCDHA8
3807	PCDHA9
3808	PCDHAC1
3809	PCDHAC2
3810	PCDHB10
3811	PCDHB13
3812	PCDHB2
3813	PCDHB5
3814	PCDHB6
3815	PCDHB8
3816	PCDHGA1
3817	PCDHGA10
3818	PCDHGA2
3819	PCDHGA3
3820	PCDHGA4
3821	PCDHGA8
3822	PCDHGA9
3823	PCDHGB2
3824	PCDHGB3
3825	PCDHGB5
3826	PCDHGB6
3827	PCDHGB7
3828	PCDHGC3
3829	PCDHGC5
3830	PCGF2
3831	PCGF5
3832	PCGF6
3833	PCID2
3834	PCIF1
3835	PCLAF
3836	PCMT1
3837	PCMTD2
3838	PCNA
3839	PCNT
3840	PCSK2
3841	PCSK9
3842	PCYOX1
3843	PDC
3844	PDCD1
3845	PDCD10
3846	PDCD11
3847	PDCD2
3848	PDCD2L
3849	PDCD4
3850	PDCD5
3851	PDCD6
3852	PDCD6IP
3853	PDCD7
3854	PDCL
3855	PDE12
3856	PDE1B
3857	PDE3A
3858	PDE4C
3859	PDE4DIP
3860	PDE6C
3861	PDE6H
3862	PDE7A
3863	PDE8A
3864	PDE9A
3865	PDGFC
3866	PDGFRA
3867	PDGFRB
3868	PDGFRL
3869	PDHB
3870	PDIA6
3871	PDIK1L
3872	PDK3
3873	PDLIM5
3874	PDP1
3875	PDPK1
3876	PDRG1
3877	PDS5B
3878	PDSS1
3879	PDSS2
3880	PDX1
3881	PDXK
3882	PDZD8
3883	PDZK1
3884	PEA15
3885	PEAK1
3886	PECR
3887	PELI1
3888	PERP
3889	PES1
3890	PEX1
3891	PEX13
3892	PEX16
3893	PEX2
3894	PEX7
3895	PFDN1
3896	PFDN5
3897	PFKFB2
3898	PFN1
3899	PGAM5
3900	PGAP2
3901	PGAP3
3902	PGF
3903	PGGHG
3904	PGGT1B
3905	PGK1
3906	PGLS
3907	PGLYRP1
3908	PGLYRP4
3909	PGM3
3910	PGP
3911	PGPEP1
3912	PGR
3913	PGRMC1
3914	PGS1
3915	PHB2
3916	PHC3
3917	PHF1
3918	PHF11
3919	PHF13
3920	PHF2
3921	PHF20
3922	PHF21A
3923	PHF21B
3924	PHF23
3925	PHF5A
3926	PHF6
3927	PHF7
3928	PHF8
3929	PHIP
3930	PHKA2
3931	PHKBP2
3932	PHKG1
3933	PHLDA1
3934	PHLDB1
3935	PHLDB2
3936	PHOX2B
3937	PHTF1
3938	PI15
3939	PI3
3940	PI4K2A
3941	PI4KA
3942	PI4KB
3943	PIAS1
3944	PIAS2
3945	PIAS4
3946	PICALM
3947	PIF1
3948	PIGB
3949	PIGF
3950	PIGK
3951	PIGM
3952	PIGN
3953	PIGO
3954	PIGQ
3955	PIGT
3956	PIGV
3957	PIK3C2A
3958	PIK3C3
3959	PIK3CA
3960	PIK3CB
3961	PIK3CD-AS1
3962	PIK3R1
3963	PIK3R2
3964	PIK3R4
3965	PILRA
3966	PIM1
3967	PIM2
3968	PIMREG
3969	PIN1
3970	PINK1
3971	PIP4K2A
3972	PIP4K2B
3973	PIP5K1A
3974	PIP5K1C
3975	PITPNB
3976	PITPNM1
3977	PITPNM2
3978	PITX2
3979	PIWIL4
3980	PJA1
3981	PJA2
3982	PKD1
3983	PKD1L3
3984	PKD2
3985	PKD2L1
3986	PKD2L2
3987	PKHD1
3988	PKIA
3989	PKIG
3990	PKMYT1
3991	PKN2
3992	PKP2
3993	PKP3
3994	PLA2G10
3995	PLA2G1B
3996	PLA2G2A
3997	PLA2G2F
3998	PLA2G6
3999	PLAA
4000	PLAGL1
4001	PLAGL2
4002	PLAT
4003	PLAUR
4004	PLB1
4005	PLCB1
4006	PLCD3
4007	PLCG1
4008	PLCG2
4009	PLCH1
4010	PLD4
4011	PLEC
4012	PLEK2
4013	PLEKHA1
4014	PLEKHA6
4015	PLEKHA7
4016	PLEKHB1
4017	PLEKHG2
4018	PLEKHG3
4019	PLEKHG4
4020	PLEKHG6
4021	PLEKHG7
4022	PLEKHJ1
4023	PLEKHM1
4024	PLEKHO1
4025	PLEKHS1
4026	PLG
4027	PLGRKT
4028	PLIN2
4029	PLIN3
4030	PLK1
4031	PLK2
4032	PLK3
4033	PLK4
4034	PLLP
4035	PLOD1
4036	PLOD2
4037	PLOD3
4038	PLP1
4039	PLPP2
4040	PLPP6
4041	PLS1
4042	PLS3
4043	PLSCR1
4044	PLSCR3
4045	PLXDC1
4046	PLXNA1
4047	PLXNA3
4048	PLXNB1
4049	PLXNB2
4050	PM20D2
4051	PMAIP1
4052	PMCH
4053	PMEL
4054	PMEPA1
4055	PMF1
4056	PML
4057	PMM1
4058	PMM2
4059	PMPCA
4060	PMS1
4061	PMS2
4062	PMS2P9
4063	PNKP
4064	PNLDC1
4065	PNLIPRP1
4066	PNMA2
4067	PNMA8A
4068	PNN
4069	PNO1
4070	PNPLA4
4071	PNPLA6
4072	PNPT1
4073	PNRC2
4074	POC5
4075	POFUT1
4076	POGK
4077	POGZ
4078	POLA1
4079	POLA2
4080	POLB
4081	POLD1
4082	POLD3
4083	POLD4
4084	POLDIP2
4085	POLDIP3
4086	POLE
4087	POLE2
4088	POLE3
4089	POLG
4090	POLG2
4091	POLH
4092	POLI
4093	POLK
4094	POLM
4095	POLN
4096	POLQ
4097	POLR1B
4098	POLR1C
4099	POLR2A
4100	POLR2B
4101	POLR2C
4102	POLR2D
4103	POLR2E
4104	POLR2F
4105	POLR2G
4106	POLR2H
4107	POLR2I
4108	POLR2J
4109	POLR2J4
4110	POLR2K
4111	POLR2L
4112	POLR3B
4113	POLR3C
4114	POLR3D
4115	POLR3F
4116	POLR3GL
4117	POLR3K
4118	POLRMT
4119	POM121
4120	POMC
4121	POMGNT1
4122	POMT2
4123	PON2
4124	POP7
4125	POR
4126	PORCN
4127	POT1
4128	POTEG
4129	POU2F1
4130	POU2F2
4131	POU4F1
4132	POU4F3
4133	POU6F2
4134	PPA1
4135	PPAN
4136	PPARA
4137	PPCS
4138	PPFIA1
4139	PPFIBP1
4140	PPIB
4141	PPIC
4142	PPIG
4143	PPIH
4144	PPIL1
4145	PPIL2
4146	PPIP5K1
4147	PPIP5K2
4148	PPL
4149	PPM1A
4150	PPM1D
4151	PPM1E
4152	PPM1F
4153	PPME1
4154	PPP1CC
4155	PPP1R10
4156	PPP1R13B
4157	PPP1R13L
4158	PPP1R15A
4159	PPP1R15B
4160	PPP1R2
4161	PPP1R32
4162	PPP1R3A
4163	PPP1R8
4164	PPP2CA
4165	PPP2CB
4166	PPP2R1A
4167	PPP2R1B
4168	PPP2R2A
4169	PPP2R3A
4170	PPP2R3C
4171	PPP2R5A
4172	PPP2R5C
4173	PPP2R5D
4174	PPP2R5E
4175	PPP3CA
4176	PPP3CB
4177	PPP3CC
4178	PPP3R1
4179	PPP4R3A
4180	PPP4R3B
4181	PPP5C
4182	PPP6C
4183	PPRC1
4184	PPWD1
4185	PQBP1
4186	PQLC2
4187	PQLC2L
4188	PRAM1
4189	PRAMEF33
4190	PRB1
4191	PRB3
4192	PRC1
4193	PRCC
4194	PRDM10
4195	PRDM2
4196	PRDM4
4197	PRDM6
4198	PRDX1
4199	PRDX2
4200	PRDX3
4201	PRELID1
4202	PRELID3B
4203	PRIM1
4204	PRIMA1
4205	PRKAA1
4206	PRKAA2
4207	PRKAB1
4208	PRKACB
4209	PRKACG
4210	PRKAG3
4211	PRKAR1A
4212	PRKAR1B
4213	PRKAR2B
4214	PRKCA
4215	PRKCD
4216	PRKCE
4217	PRKCQ
4218	PRKCSH
4219	PRKCZ
4220	PRKD1
4221	PRKD2
4222	PRKD3
4223	PRKDC
4224	PRKN
4225	PRKRA
4226	PRLR
4227	PRM2
4228	PRMT1
4229	PRMT7
4230	PRMT8
4231	PRND
4232	PRNP
4233	PROC
4234	PROCR
4235	PROK1
4236	PROM1
4237	PROSER2
4238	PRPF18
4239	PRPF19
4240	PRPF3
4241	PRPF31
4242	PRPF38A
4243	PRPF39
4244	PRPF4
4245	PRPF40B
4246	PRPF4B
4247	PRPF8
4248	PRPH
4249	PRPSAP1
4250	PRPSAP2
4251	PRR11
4252	PRR14
4253	PRR15
4254	PRR19
4255	PRR3
4256	PRR4
4257	PRR5
4258	PRRG2
4259	PRRG4
4260	PRRT2
4261	PRSS16
4262	PRSS22
4263	PRSS23
4264	PRSS50
4265	PRSS55
4266	PRSS8
4267	PRTFDC1
4268	PRTN3
4269	PRUNE1
4270	PRX
4271	PSAP
4272	PSEN1
4273	PSIP1
4274	PSKH2
4275	PSMA1
4276	PSMA2
4277	PSMA3
4278	PSMA4
4279	PSMA5
4280	PSMA6
4281	PSMA7
4282	PSMB10
4283	PSMB3
4284	PSMB4
4285	PSMB5
4286	PSMB6
4287	PSMB8
4288	PSMB9
4289	PSMC1
4290	PSMC2
4291	PSMC3
4292	PSMC5
4293	PSMC6
4294	PSMD10
4295	PSMD11
4296	PSMD12
4297	PSMD13
4298	PSMD14
4299	PSMD3
4300	PSMD4
4301	PSMD6
4302	PSMD9
4303	PSME1
4304	PSME3
4305	PSME4
4306	PSMF1
4307	PSMG1
4308	PSMG3
4309	PSRC1
4310	PTBP1
4311	PTBP2
4312	PTCD2
4313	PTCD3
4314	PTCRA
4315	PTEN
4316	PTGDR2
4317	PTGES
4318	PTGES3
4319	PTGIR
4320	PTGS1
4321	PTGS2
4322	PTH
4323	PTK2
4324	PTK6
4325	PTMA
4326	PTOV1
4327	PTP4A1
4328	PTPA
4329	PTPN1
4330	PTPN14
4331	PTPN21
4332	PTPN22
4333	PTPN23
4334	PTPN6
4335	PTPRC
4336	PTPRCAP
4337	PTPRD
4338	PTPRF
4339	PTPRK
4340	PTPRQ
4341	PTPRU
4342	PTRH1
4343	PTRHD1
4344	PTTG1
4345	PUM1
4346	PUM2
4347	PURG
4348	PUS1
4349	PWP1
4350	PWP2
4351	PXDC1
4352	PXDNL
4353	PYCARD
4354	PYCR3
4355	PYGO2
4356	PYM1
4357	PYROXD1
4358	QARS
4359	QRICH1
4360	QSOX1
4361	QSOX2
4362	R3HCC1
4363	R3HDM1
4364	R3HDM2
4365	RAB11FIP1
4366	RAB11FIP5
4367	RAB12
4368	RAB14
4369	RAB1A
4370	RAB1B
4371	RAB20
4372	RAB21
4373	RAB22A
4374	RAB23
4375	RAB25
4376	RAB28
4377	RAB29
4378	RAB2A
4379	RAB33B
4380	RAB34
4381	RAB35
4382	RAB38
4383	RAB3GAP2
4384	RAB3IP
4385	RAB41
4386	RAB5A
4387	RAB5B
4388	RAB6B
4389	RAB8A
4390	RAB9A
4391	RAB9B
4392	RABEP2
4393	RABGGTA
4394	RABGGTB
4395	RABL6
4396	RAC1
4397	RAC2
4398	RACGAP1
4399	RACK1
4400	RAD1
4401	RAD17
4402	RAD18
4403	RAD21
4404	RAD23A
4405	RAD23B
4406	RAD50
4407	RAD51
4408	RAD51AP1
4409	RAD51AP2
4410	RAD51B
4411	RAD51C
4412	RAD51D
4413	RAD52
4414	RAD54B
4415	RAD54L
4416	RAD54L2
4417	RAD9A
4418	RAD9B
4419	RAE1
4420	RAF1
4421	RAG1
4422	RAG2
4423	RAI14
4424	RALB
4425	RALGAPA1
4426	RALGAPB
4427	RALGPS1
4428	RALY
4429	RAN
4430	RANBP1
4431	RANBP2
4432	RANBP3
4433	RANBP6
4434	RANBP9
4435	RAP1A
4436	RAP1GDS1
4437	RAPGEF1
4438	RAPGEF2
4439	RAPGEF5
4440	RAPGEF6
4441	RAPH1
4442	RAPSN
4443	RARA
4444	RARS
4445	RARS2
4446	RASA1
4447	RASAL2
4448	RASGEF1C
4449	RASGRF2
4450	RASGRP1
4451	RASL11A
4452	RASSF7
4453	RASSF8
4454	RAVER1
4455	RAX2
4456	RB1
4457	RB1CC1
4458	RBBP4
4459	RBBP6
4460	RBBP8
4461	RBCK1
4462	RBFOX3
4463	RBL1
4464	RBM10
4465	RBM12
4466	RBM12B
4467	RBM14
4468	RBM15
4469	RBM17
4470	RBM18
4471	RBM23
4472	RBM24
4473	RBM26
4474	RBM3
4475	RBM33
4476	RBM34
4477	RBM38
4478	RBM39
4479	RBM45
4480	RBM47
4481	RBM5
4482	RBM6
4483	RBM7
4484	RBM8A
4485	RBMX
4486	RBMX2
4487	RBMXL1
4488	RBMXP1
4489	RBPJL
4490	RBPMS
4491	RBX1
4492	RC3H1
4493	RC3H2
4494	RCAN1
4495	RCAN2
4496	RCAN3
4497	RCC1
4498	RCC2
4499	RCHY1
4500	RCN2
4501	RCOR1
4502	RCOR3
4503	RDH13
4504	RDM1
4505	RDX
4506	RECK
4507	RECQL
4508	RECQL4
4509	RECQL5
4510	REG1A
4511	RELA
4512	RELN
4513	REN
4514	REPIN1
4515	REPS1
4516	RER1
4517	RERE
4518	RERG
4519	RET
4520	RETNLB
4521	REV1
4522	REV3L
4523	REXO4
4524	REXO5
4525	RFC1
4526	RFC2
4527	RFC3
4528	RFC4
4529	RFC5
4530	RFNG
4531	RFPL2
4532	RFWD2
4533	RFWD3
4534	RFX4
4535	RFX5
4536	RFX7
4537	RFXANK
4538	RFXAP
4539	RGCC
4540	RGMB
4541	RGP1
4542	RGS1
4543	RGS16
4544	RGS22
4545	RGS5
4546	RGS7BP
4547	RHAG
4548	RHBDF1
4549	RHBDL2
4550	RHCG
4551	RHEB
4552	RHOA
4553	RHOB
4554	RHOBTB3
4555	RHOC
4556	RHOD
4557	RHOG
4558	RHOT2
4559	RIDA
4560	RIF1
4561	RILPL1
4562	RIMS1
4563	RIMS2
4564	RIMS3
4565	RIN2
4566	RING1
4567	RINT1
4568	RIOK1
4569	RIOK2
4570	RIOK3
4571	RIOX1
4572	RIPK1
4573	RIPK2
4574	RIPK4
4575	RIPOR3
4576	RITA1
4577	RLF
4578	RLIMP3
4579	RMI1
4580	RMI2
4581	RMND5A
4582	RMND5B
4583	RN7SL8P
4584	RNASE2
4585	RNASE6
4586	RNASEH2A
4587	RNASEH2B
4588	RNASEH2C
4589	RNASEL
4590	RND3
4591	RNF11
4592	RNF113A
4593	RNF121
4594	RNF126
4595	RNF128
4596	RNF13
4597	RNF130
4598	RNF135
4599	RNF138
4600	RNF139
4601	RNF14
4602	RNF146
4603	RNF166
4604	RNF167
4605	RNF168
4606	RNF17
4607	RNF20
4608	RNF213
4609	RNF219
4610	RNF220
4611	RNF25
4612	RNF26
4613	RNF34
4614	RNF38
4615	RNF39
4616	RNF40
4617	RNF41
4618	RNF43
4619	RNF44
4620	RNF6
4621	RNF7
4622	RNF8
4623	RNGTT
4624	RNH1
4625	RNMT
4626	RNPC3
4627	RNPS1
4628	ROS1
4629	RP2
4630	RPA1
4631	RPA2
4632	RPA3
4633	RPA4
4634	RPAP2
4635	RPAP3
4636	RPE
4637	RPF1
4638	RPF2
4639	RPGR
4640	RPIA
4641	RPL10A
4642	RPL11
4643	RPL13
4644	RPL13A
4645	RPL13AP17
4646	RPL14
4647	RPL15
4648	RPL17
4649	RPL19P1
4650	RPL21
4651	RPL23
4652	RPL24
4653	RPL27A
4654	RPL30
4655	RPL34
4656	RPL35
4657	RPL35A
4658	RPL36
4659	RPL36A
4660	RPL36AL
4661	RPL37AP1
4662	RPL38
4663	RPL39
4664	RPL4
4665	RPL5
4666	RPL7AP13
4667	RPL8
4668	RPLP0
4669	RPP14
4670	RPP25L
4671	RPP38
4672	RPRD1A
4673	RPRD1B
4674	RPRD2
4675	RPRML
4676	RPS11
4677	RPS12
4678	RPS14
4679	RPS15
4680	RPS16
4681	RPS17
4682	RPS19
4683	RPS23
4684	RPS24
4685	RPS25
4686	RPS27
4687	RPS27A
4688	RPS3
4689	RPS4X
4690	RPS5
4691	RPS6
4692	RPS6KA1
4693	RPS6KA2
4694	RPS6KA4
4695	RPS6KA5
4696	RPS6KB1
4697	RPS6KB2
4698	RPS6KL1
4699	RPS9
4700	RPUSD2
4701	RPUSD3
4702	RRAGA
4703	RRAGB
4704	RRAS
4705	RRAS2
4706	RRBP1
4707	RREB1
4708	RRM1
4709	RRM2
4710	RRM2B
4711	RRN3
4712	RRNAD1
4713	RRP1
4714	RRP1B
4715	RRP9
4716	RRS1
4717	RS1
4718	RSBN1
4719	RSBN1L
4720	RSL1D1
4721	RSL24D1
4722	RSL24D1P6
4723	RSPH1
4724	RSPH14
4725	RSRC1
4726	RSRP1
4727	RSU1
4728	RTEL1
4729	RTF1
4730	RTL6
4731	RTL8C
4732	RTN2
4733	RTN3
4734	RTN4
4735	RTN4RL2
4736	RTP4
4737	RTTN
4738	RUFY1
4739	RUNX1
4740	RUSC2
4741	RUVBL2
4742	RWDD3
4743	RWDD4
4744	RXRG
4745	RYK
4746	RYR2
4747	S100A10
4748	S100A11
4749	S100A13
4750	S100A14
4751	S100A16
4752	S100A2
4753	S100A3
4754	S100A6
4755	S100P
4756	S100Z
4757	S1PR2
4758	S1PR5
4759	SAC3D1
4760	SAE1
4761	SAFB
4762	SAFB2
4763	SAGE1
4764	SAMD1
4765	SAMD14
4766	SAMD4A
4767	SAP30
4768	SAP30BP
4769	SAR1B
4770	SARDH
4771	SARM1
4772	SARS
4773	SART3
4774	SASS6
4775	SAT1
4776	SATB2
4777	SBF1
4778	SBK2
4779	SBNO1
4780	SCAF11
4781	SCAI
4782	SCAMP1
4783	SCAMP3
4784	SCAMP4
4785	SCARF1
4786	SCCPDH
4787	SCD
4788	SCEL
4789	SCFD1
4790	SCFD2
4791	SCN1A
4792	SCN2B
4793	SCN3B
4794	SCN4A
4795	SCN8A
4796	SCNM1
4797	SCNN1D
4798	SCNN1G
4799	SCO2
4800	SCP2
4801	SCPEP1
4802	SCRIB
4803	SCYL2
4804	SCYL3
4805	SDC1
4806	SDC2
4807	SDC4
4808	SDCCAG3
4809	SDCCAG8
4810	SDE2
4811	SDF4
4812	SDHAF1
4813	SDHB
4814	SDHC
4815	SDHD
4816	SDR16C5
4817	SDR39U1
4818	SDR42E1
4819	SEC11A
4820	SEC11C
4821	SEC13
4822	SEC14L3
4823	SEC23A
4824	SEC23B
4825	SEC23IP
4826	SEC24A
4827	SEC24B
4828	SEC24C
4829	SEC63
4830	SEH1L
4831	SEL1L
4832	SELENOF
4833	SELENOS
4834	SELENOT
4835	SELENOV
4836	SEM1
4837	SEMA3B
4838	SEMA3C
4839	SEMA4A
4840	SEMA4B
4841	SEMA4D
4842	SEMA4F
4843	SEMA7A
4844	SEMG1
4845	SEMG2
4846	SENP1
4847	SENP2
4848	SENP5
4849	SENP6
4850	SENP7
4851	SEP-01
4852	SEP-04
4853	SEP-06
4854	SEP-14
4855	SERBP1
4856	SERINC1
4857	SERINC2
4858	SERP1
4859	SERPINB12
4860	SERPINB2
4861	SERPINB5
4862	SERPINB6
4863	SERPINB7
4864	SERPINB8
4865	SERPINE1
4866	SERPINF2
4867	SERPINH1
4868	SERTAD1
4869	SESN1
4870	SESN2
4871	SESTD1
4872	SET
4873	SETD1A
4874	SETD5
4875	SETDB1
4876	SETMAR
4877	SETP10
4878	SETX
4879	SEZ6L
4880	SF1
4881	SF3A1
4882	SF3A2
4883	SF3A3
4884	SF3B1
4885	SF3B2
4886	SF3B3
4887	SF3B6
4888	SFI1
4889	SFMBT2
4890	SFN
4891	SFPQ
4892	SFRP5
4893	SFTPB
4894	SFTPC
4895	SFTPD
4896	SFXN2
4897	SFXN4
4898	SGCA
4899	SGCB
4900	SGF29
4901	SGIP1
4902	SGK1
4903	SGK2
4904	SGMS1
4905	SGMS2
4906	SGO1
4907	SGPL1
4908	SGPP1
4909	SGSH
4910	SGSM2
4911	SGSM3
4912	SGTA
4913	SH2B1
4914	SH2D3A
4915	SH2D3C
4916	SH2D4A
4917	SH3BGRL3
4918	SH3D19
4919	SH3GL1
4920	SH3GLB1
4921	SH3PXD2B
4922	SH3RF1
4923	SH3RF2
4924	SH3TC2
4925	SHB
4926	SHC1
4927	SHCBP1
4928	SHCBP1L
4929	SHE
4930	SHISA5
4931	SHKBP1
4932	SHPK
4933	SHPRH
4934	SHROOM3
4935	SHTN1
4936	SIAH2
4937	SIDT1
4938	SIGIRR
4939	SIGLEC1
4940	SIGLEC7
4941	SIGLEC8
4942	SIGMAR1
4943	SIKE1
4944	SIL1
4945	SIN3A
4946	SIN3B
4947	SIPA1
4948	SIRPA
4949	SIRT1
4950	SIT1
4951	SIVA1
4952	SIX3
4953	SKAP1
4954	SKI
4955	SKIV2L2
4956	SKP1
4957	SKP2
4958	SLA
4959	SLAMF1
4960	SLAMF6
4961	SLBP
4962	SLC10A3
4963	SLC11A2
4964	SLC12A1
4965	SLC12A4
4966	SLC12A9
4967	SLC13A1
4968	SLC13A4
4969	SLC15A3
4970	SLC16A10
4971	SLC16A5
4972	SLC17A7
4973	SLC19A1
4974	SLC1A4
4975	SLC22A1
4976	SLC22A13
4977	SLC22A18
4978	SLC22A2
4979	SLC22A4
4980	SLC22A6
4981	SLC22A7
4982	SLC22A8
4983	SLC24A3
4984	SLC25A1
4985	SLC25A10
4986	SLC25A11
4987	SLC25A12
4988	SLC25A15
4989	SLC25A19
4990	SLC25A2
4991	SLC25A26
4992	SLC25A28
4993	SLC25A32
4994	SLC25A33
4995	SLC25A36
4996	SLC25A37
4997	SLC25A38
4998	SLC25A40
4999	SLC25A44
5000	SLC26A6
5001	SLC26A8
5002	SLC28A1
5003	SLC29A1
5004	SLC29A2
5005	SLC2A1
5006	SLC2A2
5007	SLC30A2
5008	SLC30A3
5009	SLC30A5
5010	SLC33A1
5011	SLC35A2
5012	SLC35A3
5013	SLC35A5
5014	SLC35B1
5015	SLC35B4
5016	SLC35C2
5017	SLC35D2
5018	SLC35G2
5019	SLC36A4
5020	SLC37A1
5021	SLC37A4
5022	SLC38A10
5023	SLC38A2
5024	SLC38A4
5025	SLC38A6
5026	SLC39A1
5027	SLC39A13
5028	SLC39A3
5029	SLC39A4
5030	SLC39A7
5031	SLC43A3
5032	SLC44A3
5033	SLC4A1
5034	SLC50A1
5035	SLC6A16
5036	SLC7A11
5037	SLC7A3
5038	SLC7A5
5039	SLC9A3
5040	SLC9A7
5041	SLC9B2
5042	SLCO1B3
5043	SLCO1C1
5044	SLFN11
5045	SLFN5
5046	SLIT3
5047	SLITRK2
5048	SLITRK5
5049	SLK
5050	SLPI
5051	SLTM
5052	SLU7
5053	SLX4
5054	SMAD2
5055	SMAD3
5056	SMAD4
5057	SMAD6
5058	SMAGP
5059	SMARCA1
5060	SMARCA2
5061	SMARCA4
5062	SMARCAL1
5063	SMARCB1
5064	SMARCC1
5065	SMARCC2
5066	SMARCD2
5067	SMARCE1
5068	SMC1A
5069	SMC2
5070	SMC3
5071	SMC4
5072	SMC6
5073	SMCHD1
5074	SMCO4
5075	SMG5
5076	SMG6
5077	SMG7
5078	SMIM14
5079	SMIM7
5080	SMIM8
5081	SMN1
5082	SMNDC1
5083	SMO
5084	SMPD1
5085	SMPD2
5086	SMPDL3B
5087	SMR3A
5088	SMR3B
5089	SMU1
5090	SMUG1
5091	SMURF2
5092	SNAI2
5093	SNAP23
5094	SNAP29
5095	SNAPC1
5096	SNAPC4
5097	SNCA
5098	SND1
5099	SNHG1
5100	SNHG4
5101	SNHG7
5102	SNIP1
5103	SNORA25
5104	SNORA72
5105	SNRK
5106	SNRNP200
5107	SNRNP25
5108	SNRNP35
5109	SNRNP40
5110	SNRNP70
5111	SNRPA
5112	SNRPA1
5113	SNRPC
5114	SNRPD1
5115	SNRPD2
5116	SNRPD3
5117	SNRPF
5118	SNRPN
5119	SNTA1
5120	SNTB2
5121	SNTN
5122	SNUPN
5123	SNW1
5124	SNX1
5125	SNX10
5126	SNX12
5127	SNX13
5128	SNX2
5129	SNX21
5130	SNX24
5131	SNX33
5132	SNX4
5133	SNX7
5134	SOAT1
5135	SOCS2
5136	SOCS4
5137	SOD1
5138	SOD2
5139	SORBS1
5140	SOS2
5141	SOX10
5142	SOX13
5143	SOX21
5144	SOX4
5145	SOX9
5146	SP1
5147	SP100
5148	SP110
5149	SP3
5150	SP4
5151	SP6
5152	SPACA7
5153	SPAG5
5154	SPAG8
5155	SPAG9
5156	SPARC
5157	SPAST
5158	SPATA17
5159	SPATA20
5160	SPATA21
5161	SPATA2L
5162	SPATA3
5163	SPATA5
5164	SPATA6L
5165	SPATA9
5166	SPC24
5167	SPCS2
5168	SPDYA
5169	SPECC1
5170	SPEN
5171	SPHK1
5172	SPHK2
5173	SPI1
5174	SPIB
5175	SPIDR
5176	SPIN1
5177	SPINK14
5178	SPINK2
5179	SPINT1
5180	SPINT2
5181	SPOCK1
5182	SPON1
5183	SPOUT1
5184	SPPL2B
5185	SPR
5186	SPRED1
5187	SPRR4
5188	SPRY2
5189	SPSB3
5190	SPTB
5191	SPTBN5
5192	SPTLC1
5193	SPTLC3
5194	SPTY2D1
5195	SQOR
5196	SQSTM1
5197	SRA1
5198	SRC
5199	SRCAP
5200	SRD5A1
5201	SRD5A3
5202	SREBF2
5203	SRGAP1
5204	SRI
5205	SRM
5206	SRMS
5207	SRP14
5208	SRP54
5209	SRP68
5210	SRP72
5211	SRP9
5212	SRPK1
5213	SRPK3
5214	SRPX
5215	SRPX2
5216	SRR
5217	SRRM1
5218	SRRT
5219	SRSF1
5220	SRSF8
5221	SRSF9
5222	SRXN1
5223	SS18L2
5224	SSB
5225	SSBP1
5226	SSH1
5227	SSH2
5228	SSH3
5229	SSNA1
5230	SSR3
5231	SSRP1
5232	SST
5233	SSTR4
5234	SSX1
5235	ST14
5236	ST18
5237	ST5
5238	ST6GALNAC1
5239	ST6GALNAC2
5240	ST6GALNAC5
5241	ST7
5242	ST8SIA3
5243	STAG1
5244	STAG2
5245	STAG3
5246	STAMBP
5247	STAR
5248	STARD10
5249	STARD13
5250	STARD6
5251	STARD7
5252	STAT1
5253	STAT3
5254	STAT4
5255	STATH
5256	STAU2
5257	STEAP1
5258	STEAP4
5259	STIL
5260	STIM2
5261	STIP1
5262	STK10
5263	STK11
5264	STK17A
5265	STK17B
5266	STK24
5267	STK3
5268	STK33
5269	STK39
5270	STMN1
5271	STOML2
5272	STRADA
5273	STRADB
5274	STRAP
5275	STRN3
5276	STRN4
5277	STT3A
5278	STUB1
5279	STX10
5280	STX19
5281	STX2
5282	STX3
5283	STX8
5284	STXBP2
5285	STXBP3
5286	STYK1
5287	STYXL1
5288	SUB1
5289	SUCLA2
5290	SUDS3
5291	SUGP1
5292	SULF1
5293	SULT1A2
5294	SULT1B1
5295	SULT2B1
5296	SULT4A1
5297	SULT6B1
5298	SUMO1
5299	SUMO3
5300	SUN1
5301	SUN5
5302	SUPT20H
5303	SUPT4H1
5304	SUPT5H
5305	SUPT6H
5306	SURF1
5307	SURF2
5308	SURF4
5309	SURF6
5310	SUV39H1
5311	SUV39H2
5312	SUZ12
5313	SV2B
5314	SVEP1
5315	SVIL
5316	SWAP70
5317	SYCE2
5318	SYCN
5319	SYCP1
5320	SYDE1
5321	SYMPK
5322	SYNCRIP
5323	SYNGR2
5324	SYNJ1
5325	SYNJ2BP
5326	SYNM
5327	SYNRG
5328	SYPL2
5329	SYT11
5330	SYT14
5331	SYT16
5332	SYTL1
5333	SYTL2
5334	TAAR9
5335	TAB2
5336	TACC2
5337	TACC3
5338	TACO1
5339	TACR1
5340	TACSTD2
5341	TADA1
5342	TADA2A
5343	TAF1
5344	TAF10
5345	TAF12
5346	TAF15
5347	TAF1A
5348	TAF1C
5349	TAF1D
5350	TAF2
5351	TAF4B
5352	TAF5
5353	TAF5L
5354	TAF6
5355	TAF8
5356	TAF9
5357	TAOK1
5358	TAOK2
5359	TAOK3
5360	TAP1
5361	TAP2
5362	TAPBP
5363	TAPT1
5364	TARBP2
5365	TARDBP
5366	TARS2
5367	TAS1R1
5368	TAS1R2
5369	TAS2R14
5370	TAS2R62P
5371	TAS2R8
5372	TAS2R9
5373	TAX1BP1
5374	TAZ
5375	TBC1D1
5376	TBC1D10B
5377	TBC1D12
5378	TBC1D13
5379	TBC1D2
5380	TBC1D31
5381	TBC1D5
5382	TBC1D8B
5383	TBC1D9B
5384	TBCCD1
5385	TBCD
5386	TBCE
5387	TBK1
5388	TBL1X
5389	TBL1XR1
5390	TBL3
5391	TBP
5392	TBRG4
5393	TBX20
5394	TC2N
5395	TCAF1
5396	TCAF2
5397	TCAP
5398	TCEAL1
5399	TCEAL4
5400	TCEAL8
5401	TCEAL9
5402	TCEANC2
5403	TCERG1
5404	TCF19
5405	TCF20
5406	TCF21
5407	TCF3
5408	TCF7L2
5409	TCHHL1
5410	TCL1A
5411	TCL6
5412	TCOF1
5413	TCP1
5414	TCTE1
5415	TCTE3
5416	TDG
5417	TDP1
5418	TDP2
5419	TDRKH
5420	TEAD1
5421	TEAD2
5422	TEAD3
5423	TEF
5424	TELO2
5425	TERF1
5426	TERF2
5427	TERF2IP
5428	TESC
5429	TESK1
5430	TESMIN
5431	TEX10
5432	TEX43
5433	TFAP2B
5434	TFAP2E
5435	TFB2M
5436	TFCP2
5437	TFCP2L1
5438	TFDP1
5439	TFG
5440	TFIP11
5441	TFPI
5442	TFPI2
5443	TGFB1
5444	TGFB1I1
5445	TGFBI
5446	TGIF2
5447	TGM2
5448	TGM5
5449	THAP1
5450	THAP10
5451	THAP11
5452	THAP7
5453	THBS1
5454	THOC1
5455	THOC2
5456	THOC6
5457	THOC7
5458	THOP1
5459	THPO
5460	THRA
5461	THRSP
5462	THUMPD1
5463	THUMPD2
5464	THUMPD3
5465	THY1
5466	THYN1
5467	TIA1
5468	TIAL1
5469	TICRR
5470	TIFA
5471	TIMELESS
5472	TIMM17A
5473	TIMM17B
5474	TIMM22
5475	TIMM44
5476	TIMM8A
5477	TIMM8B
5478	TIMP2
5479	TINAGL1
5480	TIPARP
5481	TJP1
5482	TJP3
5483	TK1
5484	TK2
5485	TLCD1
5486	TLCD2
5487	TLDC1
5488	TLE1
5489	TLK1
5490	TLK2
5491	TLN1
5492	TLR6
5493	TM4SF1
5494	TM9SF1
5495	TM9SF2
5496	TM9SF4
5497	TMBIM6
5498	TMC4
5499	TMC5
5500	TMC6
5501	TMC8
5502	TMCC3
5503	TMCO1
5504	TMCO3
5505	TMCO5A
5506	TMED10
5507	TMED2
5508	TMED3
5509	TMED5
5510	TMED8
5511	TMED9
5512	TMEFF1
5513	TMEM102
5514	TMEM106B
5515	TMEM109
5516	TMEM110
5517	TMEM115
5518	TMEM117
5519	TMEM120A
5520	TMEM125
5521	TMEM126A
5522	TMEM126B
5523	TMEM133
5524	TMEM134
5525	TMEM135
5526	TMEM138
5527	TMEM139
5528	TMEM144
5529	TMEM150A
5530	TMEM158
5531	TMEM161A
5532	TMEM165
5533	TMEM169
5534	TMEM17
5535	TMEM177
5536	TMEM184A
5537	TMEM184B
5538	TMEM186
5539	TMEM19
5540	TMEM199
5541	TMEM200A
5542	TMEM203
5543	TMEM206
5544	TMEM208
5545	TMEM212
5546	TMEM213
5547	TMEM214
5548	TMEM222
5549	TMEM223
5550	TMEM230
5551	TMEM248
5552	TMEM259
5553	TMEM268
5554	TMEM30A
5555	TMEM30B
5556	TMEM33
5557	TMEM39B
5558	TMEM42
5559	TMEM43
5560	TMEM45B
5561	TMEM5
5562	TMEM51
5563	TMEM59
5564	TMEM61
5565	TMEM69
5566	TMEM70
5567	TMEM86B
5568	TMEM8A
5569	TMEM94
5570	TMEM95
5571	TMEM97
5572	TMPO
5573	TMPRSS13
5574	TMPRSS4
5575	TMPRSS6
5576	TMUB2
5577	TMX1
5578	TNF
5579	TNFAIP1
5580	TNFAIP2
5581	TNFAIP3
5582	TNFAIP8
5583	TNFAIP8L2
5584	TNFRSF10A
5585	TNFRSF10B
5586	TNFRSF10D
5587	TNFRSF11B
5588	TNFRSF18
5589	TNFRSF19
5590	TNFRSF1A
5591	TNFRSF1B
5592	TNFRSF21
5593	TNFRSF25
5594	TNFRSF6B
5595	TNFRSF9
5596	TNFSF12
5597	TNFSF15
5598	TNFSF18
5599	TNFSF8
5600	TNIK
5601	TNIP1
5602	TNK1
5603	TNK2
5604	TNKS
5605	TNKS1BP1
5606	TNNI3K
5607	TNNT3
5608	TNP1
5609	TNP2
5610	TNPO2
5611	TNR
5612	TNRC6B
5613	TNRC6C
5614	TNS1
5615	TNS3
5616	TNS4
5617	TNXB
5618	TOB1
5619	TOE1
5620	TOGARAM1
5621	TOLLIP
5622	TOM1L2
5623	TOMM20
5624	TOMM22
5625	TOMM34
5626	TOMM40
5627	TOMM6
5628	TOMM70
5629	TONSL
5630	TOP1
5631	TOP2A
5632	TOP2B
5633	TOP3A
5634	TOP3B
5635	TOPBP1
5636	TOPORS
5637	TOR1AIP1
5638	TOX4
5639	TP53
5640	TP53AIP1
5641	TP53BP1
5642	TP53BP2
5643	TP53I3
5644	TP53INP1
5645	TP53RK
5646	TP63
5647	TP73
5648	TP73-AS1
5649	TPBG
5650	TPCN1
5651	TPH1
5652	TPM1
5653	TPP2
5654	TPR
5655	TPRKB
5656	TPSAB1
5657	TPST1
5658	TPX2
5659	TRA2A
5660	TRA2B
5661	TRABD
5662	TRADD
5663	TRAF1
5664	TRAF2
5665	TRAF3
5666	TRAF3IP3
5667	TRAF4
5668	TRAF5
5669	TRAIP
5670	TRAK2
5671	TRAM1
5672	TRAM2
5673	TRAP1
5674	TRAPPC1
5675	TRAPPC13
5676	TRAPPC2L
5677	TRAPPC5
5678	TRAPPC6B
5679	TRAT1
5680	TREML4
5681	TRERF1
5682	TREX2
5683	TRIB3
5684	TRIM15
5685	TRIM16
5686	TRIM16L
5687	TRIM21
5688	TRIM22
5689	TRIM23
5690	TRIM24
5691	TRIM27
5692	TRIM28
5693	TRIM29
5694	TRIM3
5695	TRIM33
5696	TRIM35
5697	TRIM36
5698	TRIM37
5699	TRIM39
5700	TRIM40
5701	TRIM41
5702	TRIM44
5703	TRIM46
5704	TRIM49
5705	TRIM49B
5706	TRIM52
5707	TRIM72
5708	TRIOBP
5709	TRIP11
5710	TRIP12
5711	TRIP13
5712	TRIP6
5713	TRMO
5714	TRMT1
5715	TRMT10C
5716	TRMT11
5717	TRMT12
5718	TRMT13
5719	TRMT1L
5720	TRMT2A
5721	TRMT5
5722	TRMT61A
5723	TRMU
5724	TRNAU1AP
5725	TRNT1
5726	TROAP
5727	TROVE2
5728	TRPC4
5729	TRPC7
5730	TRPM2
5731	TRPM4
5732	TRPM5
5733	TRPS1
5734	TRRAP
5735	TRUB2
5736	TSC2
5737	TSEN2
5738	TSEN54
5739	TSG101
5740	TSHB
5741	TSKS
5742	TSKU
5743	TSN
5744	TSNAX
5745	TSPAN1
5746	TSPAN13
5747	TSPAN15
5748	TSPAN3
5749	TSPO
5750	TSPO2
5751	TSPY26P
5752	TSPYL5
5753	TSR3
5754	TSSK1B
5755	TSSK3
5756	TST
5757	TSTA3
5758	TSTD1
5759	TSTD2
5760	TTBK2
5761	TTC21B
5762	TTC22
5763	TTC28
5764	TTC3
5765	TTC37
5766	TTC39A
5767	TTC39C
5768	TTC7B
5769	TTF1
5770	TTK
5771	TTLL3
5772	TTLL5
5773	TTLL6
5774	TTLL8
5775	TTPAL
5776	TTTY13
5777	TTTY6
5778	TUBA1A
5779	TUBA1B
5780	TUBA3D
5781	TUBAL3
5782	TUBB
5783	TUBB1
5784	TUBB3
5785	TUBB4A
5786	TUBB4B
5787	TUBB6
5788	TUBD1
5789	TUBE1
5790	TUBGCP3
5791	TUBGCP4
5792	TUBGCP5
5793	TUFT1
5794	TUT1
5795	TWF1
5796	TWIST1
5797	TWNK
5798	TWSG1
5799	TXLNA
5800	TXLNGY
5801	TXNDC16
5802	TXNL1
5803	TXNL4A
5804	TXNRD1
5805	TYK2
5806	TYMP
5807	TYMS
5808	TYRO3
5809	TYW1
5810	U2AF1
5811	U2AF1L4
5812	U2AF2
5813	UBA1
5814	UBA2
5815	UBA3
5816	UBA5
5817	UBA52
5818	UBA6
5819	UBA7
5820	UBAC2
5821	UBAP2L
5822	UBC
5823	UBE2A
5824	UBE2B
5825	UBE2C
5826	UBE2D1
5827	UBE2D2
5828	UBE2D3
5829	UBE2D4
5830	UBE2E1
5831	UBE2E2
5832	UBE2E3
5833	UBE2F
5834	UBE2G1
5835	UBE2G2
5836	UBE2H
5837	UBE2I
5838	UBE2J1
5839	UBE2J2
5840	UBE2K
5841	UBE2L3
5842	UBE2L6
5843	UBE2M
5844	UBE2N
5845	UBE2NL
5846	UBE2O
5847	UBE2Q1
5848	UBE2Q2
5849	UBE2QL1
5850	UBE2R2
5851	UBE2S
5852	UBE2T
5853	UBE2U
5854	UBE2V1
5855	UBE2V2
5856	UBE2W
5857	UBE2Z
5858	UBE3A
5859	UBE3B
5860	UBE3C
5861	UBE4B
5862	UBL4A
5863	UBN1
5864	UBN2
5865	UBQLN2
5866	UBQLN3
5867	UBR4
5868	UBR5
5869	UBR7
5870	UBTD1
5871	UBTF
5872	UBXN1
5873	UBXN2A
5874	UBXN4
5875	UBXN6
5876	UBXN7
5877	UBXN8
5878	UCHL1
5879	UCHL5
5880	UCK1
5881	UCP2
5882	UEVLD
5883	UFC1
5884	UFD1
5885	UFSP1
5886	UGCG
5887	UGP2
5888	UGT1A1
5889	UGT1A3
5890	UGT1A7
5891	UGT3A1
5892	UHMK1
5893	UHRF2
5894	UIMC1
5895	ULBP2
5896	ULK2
5897	UMOD
5898	UMPS
5899	UNC13B
5900	UNC13C
5901	UNC45A
5902	UNC80
5903	UNG
5904	UNKL
5905	UPF1
5906	UPF2
5907	UPF3A
5908	UPF3B
5909	UPP1
5910	UQCR10
5911	UQCR11
5912	UQCRB
5913	UQCRC2
5914	URI1
5915	URM1
5916	USF2
5917	USO1
5918	USP1
5919	USP10
5920	USP11
5921	USP14
5922	USP15
5923	USP21
5924	USP22
5925	USP25
5926	USP28
5927	USP3
5928	USP30
5929	USP33
5930	USP34
5931	USP36
5932	USP37
5933	USP38
5934	USP39
5935	USP42
5936	USP43
5937	USP47
5938	USP48
5939	USP49
5940	USP6
5941	USP7
5942	USP8
5943	USP9X
5944	USP9Y
5945	USPL1
5946	UTP11
5947	UTP14A
5948	UTP15
5949	UTP18
5950	UTP23
5951	UTP4
5952	UTP6
5953	UTS2
5954	VAMP3
5955	VAMP5
5956	VAMP7
5957	VANGL1
5958	VAPA
5959	VAV1
5960	VAV3
5961	VBP1
5962	VCL
5963	VCP
5964	VDAC1
5965	VDAC3
5966	VDR
5967	VEGFC
5968	VGLL1
5969	VGLL2
5970	VHL
5971	VIM
5972	VIPR1
5973	VIPR2
5974	VKORC1
5975	VMP1
5976	VN1R5
5977	VNN1
5978	VPS13C
5979	VPS26A
5980	VPS26B
5981	VPS33A
5982	VPS33B
5983	VPS37B
5984	VPS4A
5985	VPS51
5986	VPS53
5987	VPS72
5988	VPS8
5989	VRK1
5990	VRK2
5991	VRK3
5992	VSIG10
5993	VSIG4
5994	VTA1
5995	VTI1A
5996	VTI1B
5997	VWA3A
5998	VWA5B1
5999	WAC
6000	WAPL
6001	WAS
6002	WASH3P
6003	WASHC4
6004	WBP11
6005	WBP11P1
6006	WBP4
6007	WDCP
6008	WDHD1
6009	WDR1
6010	WDR13
6011	WDR18
6012	WDR19
6013	WDR20
6014	WDR3
6015	WDR33
6016	WDR36
6017	WDR37
6018	WDR4
6019	WDR43
6020	WDR44
6021	WDR45
6022	WDR46
6023	WDR47
6024	WDR48
6025	WDR5
6026	WDR61
6027	WDR62
6028	WDR7
6029	WDR74
6030	WDR76
6031	WDR77
6032	WDR82
6033	WDR83
6034	WDR90
6035	WDR97
6036	WDSUB1
6037	WDTC1
6038	WEE1
6039	WFDC12
6040	WIPF2
6041	WNK3
6042	WNK4
6043	WNT5A
6044	WNT7B
6045	WNT9A
6046	WRAP53
6047	WRN
6048	WRNIP1
6049	WTAP
6050	WWC1
6051	WWC2
6052	WWC2-AS2
6053	WWC3
6054	WWOX
6055	WWP1
6056	WWTR1
6057	XAB2
6058	XAGE3
6059	XBP1
6060	XIAP
6061	XK
6062	XKR6
6063	XKRY
6064	XPA
6065	XPC
6066	XPNPEP1
6067	XPO1
6068	XPO4
6069	XPO5
6070	XPO7
6071	XPOT
6072	XPR1
6073	XRCC1
6074	XRCC2
6075	XRCC3
6076	XRCC4
6077	XRCC5
6078	XRCC6
6079	XRN1
6080	XYLB
6081	YAF2
6082	YAP1
6083	YARS
6084	YARS2
6085	YBEY
6086	YBX1
6087	YBX2
6088	YEATS2
6089	YEATS4
6090	YES1
6091	YIPF2
6092	YIPF4
6093	YIPF5
6094	YKT6
6095	YLPM1
6096	YME1L1
6097	YPEL1
6098	YTHDC1
6099	YTHDC2
6100	YTHDF1
6101	YTHDF2
6102	YWHAB
6103	YWHAE
6104	YWHAH
6105	YWHAZ
6106	YY1
6107	YY1AP1
6108	ZAN
6109	ZBED4
6110	ZBED8
6111	ZBTB1
6112	ZBTB11
6113	ZBTB16
6114	ZBTB17
6115	ZBTB26
6116	ZBTB32
6117	ZBTB33
6118	ZBTB34
6119	ZBTB39
6120	ZBTB4
6121	ZBTB44
6122	ZBTB48
6123	ZBTB5
6124	ZBTB6
6125	ZBTB7A
6126	ZBTB8OS
6127	ZBTB9
6128	ZC3H10
6129	ZC3H12B
6130	ZC3H13
6131	ZC3H14
6132	ZC3H15
6133	ZC3H18
6134	ZC3H3
6135	ZC3H4
6136	ZC3H7B
6137	ZC3HAV1L
6138	ZC3HC1
6139	ZCCHC10
6140	ZCCHC11
6141	ZCCHC13
6142	ZCCHC24
6143	ZCCHC3
6144	ZCCHC4
6145	ZCCHC7
6146	ZCCHC8
6147	ZDBF2
6148	ZDHHC16
6149	ZDHHC17
6150	ZDHHC7
6151	ZDHHC9
6152	ZEB2
6153	ZFAND1
6154	ZFAND3
6155	ZFC3H1
6156	ZFP1
6157	ZFP14
6158	ZFP2
6159	ZFP28
6160	ZFP30
6161	ZFP37
6162	ZFP41
6163	ZFP62
6164	ZFP69
6165	ZFP82
6166	ZFX
6167	ZFY
6168	ZFYVE16
6169	ZFYVE21
6170	ZGPAT
6171	ZGRF1
6172	ZHX2
6173	ZIC3
6174	ZIM3
6175	ZKSCAN1
6176	ZKSCAN4
6177	ZKSCAN5
6178	ZMAT1
6179	ZMIZ2
6180	ZMYM2
6181	ZMYM4
6182	ZMYM5
6183	ZMYND19
6184	ZNF100
6185	ZNF101
6186	ZNF107
6187	ZNF112
6188	ZNF12
6189	ZNF124
6190	ZNF132
6191	ZNF134
6192	ZNF138
6193	ZNF14
6194	ZNF140
6195	ZNF142
6196	ZNF143
6197	ZNF146
6198	ZNF148
6199	ZNF154
6200	ZNF155
6201	ZNF16
6202	ZNF165
6203	ZNF174
6204	ZNF177
6205	ZNF18
6206	ZNF184
6207	ZNF189
6208	ZNF2
6209	ZNF202
6210	ZNF207
6211	ZNF212
6212	ZNF223
6213	ZNF227
6214	ZNF235
6215	ZNF24
6216	ZNF248
6217	ZNF254
6218	ZNF256
6219	ZNF260
6220	ZNF263
6221	ZNF264
6222	ZNF271P
6223	ZNF273
6224	ZNF274
6225	ZNF276
6226	ZNF280C
6227	ZNF282
6228	ZNF292
6229	ZNF304
6230	ZNF317
6231	ZNF32
6232	ZNF320
6233	ZNF324
6234	ZNF329
6235	ZNF331
6236	ZNF334
6237	ZNF335
6238	ZNF337
6239	ZNF33A
6240	ZNF345
6241	ZNF346
6242	ZNF347
6243	ZNF358
6244	ZNF37A
6245	ZNF383
6246	ZNF385D
6247	ZNF397
6248	ZNF407
6249	ZNF41
6250	ZNF415
6251	ZNF416
6252	ZNF418
6253	ZNF419
6254	ZNF420
6255	ZNF428
6256	ZNF43
6257	ZNF430
6258	ZNF443
6259	ZNF444
6260	ZNF445
6261	ZNF470
6262	ZNF473
6263	ZNF48
6264	ZNF485
6265	ZNF493
6266	ZNF500
6267	ZNF506
6268	ZNF507
6269	ZNF510
6270	ZNF511
6271	ZNF512
6272	ZNF519
6273	ZNF528
6274	ZNF542P
6275	ZNF548
6276	ZNF550
6277	ZNF551
6278	ZNF556
6279	ZNF566
6280	ZNF567
6281	ZNF568
6282	ZNF569
6283	ZNF570
6284	ZNF573
6285	ZNF574
6286	ZNF576
6287	ZNF579
6288	ZNF580
6289	ZNF581
6290	ZNF582
6291	ZNF583
6292	ZNF584
6293	ZNF589
6294	ZNF592
6295	ZNF593
6296	ZNF606
6297	ZNF608
6298	ZNF609
6299	ZNF610
6300	ZNF611
6301	ZNF614
6302	ZNF628
6303	ZNF638
6304	ZNF639
6305	ZNF644
6306	ZNF646
6307	ZNF652
6308	ZNF653
6309	ZNF654
6310	ZNF655
6311	ZNF665
6312	ZNF668
6313	ZNF669
6314	ZNF670
6315	ZNF672
6316	ZNF678
6317	ZNF682
6318	ZNF684
6319	ZNF688
6320	ZNF689
6321	ZNF69
6322	ZNF692
6323	ZNF695
6324	ZNF696
6325	ZNF7
6326	ZNF700
6327	ZNF701
6328	ZNF705E
6329	ZNF708
6330	ZNF71
6331	ZNF711
6332	ZNF74
6333	ZNF746
6334	ZNF749
6335	ZNF75A
6336	ZNF76
6337	ZNF767P
6338	ZNF768
6339	ZNF771
6340	ZNF772
6341	ZNF775
6342	ZNF776
6343	ZNF777
6344	ZNF780A
6345	ZNF780B
6346	ZNF786
6347	ZNF787
6348	ZNF789
6349	ZNF8
6350	ZNF829
6351	ZNF83
6352	ZNF831
6353	ZNF84
6354	ZNF880
6355	ZNF91
6356	ZNFX1
6357	ZNHIT1
6358	ZNHIT3
6359	ZNRD1
6360	ZNRF1
6361	ZNRF2
6362	ZNRF3
6363	ZP3
6364	ZPLD1
6365	ZPR1
6366	ZRANB2
6367	ZSCAN18
6368	ZSCAN26
6369	ZSCAN9
6370	ZSWIM1
6371	ZSWIM8
6372	ZWILCH
6373	ZXDC
6374	ZYX
6375	ZZZ3
